image_path,text,region,source,split
/Users/vladimir/Projects/ALPR/ocr_model/eu1/train/B58BBP.png,B58BBP,eu,eu1,train
/Users/vladimir/Projects/ALPR/ocr_model/eu1/train/SLSC56.JPG,SLSC56,eu,eu1,train
/Users/vladimir/Projects/ALPR/ocr_model/eu1/train/1AAL547_1.png,1AAL547,eu,eu1,train
/Users/vladimir/Projects/ALPR/ocr_model/eu1/train/FQ032EC.jpg,FQ032EC,eu,eu1,train
/Users/vladimir/Projects/ALPR/ocr_model/eu1/train/P0A3239.png,P0A3239,eu,eu1,train
/Users/vladimir/Projects/ALPR/ocr_model/eu1/train/GE1176_1.png,GE1176,eu,eu1,train
/Users/vladimir/Projects/ALPR/ocr_model/eu1/train/ESXI8932.png,ESXI8932,eu,eu1,train
/Users/vladimir/Projects/ALPR/ocr_model/eu1/train/SB014882.png,SB014882,eu,eu1,train
/Users/vladimir/Projects/ALPR/ocr_model/eu1/train/B310VLV.png,B310VLV,eu,eu1,train
/Users/vladimir/Projects/ALPR/ocr_model/eu1/train/KR336P.png,KR336P,eu,eu1,train
/Users/vladimir/Projects/ALPR/ocr_model/eu1/train/4CO78E.png,4CO78E,eu,eu1,train
/Users/vladimir/Projects/ALPR/ocr_model/eu1/train/B91SYE.png,B91SYE,eu,eu1,train
/Users/vladimir/Projects/ALPR/ocr_model/eu1/train/BB683JP.png,BB683JP,eu,eu1,train
/Users/vladimir/Projects/ALPR/ocr_model/eu1/train/SPO7211.JPG,SPO7211,eu,eu1,train
/Users/vladimir/Projects/ALPR/ocr_model/eu1/train/BS398KW.jpg,BS398KW,eu,eu1,train
/Users/vladimir/Projects/ALPR/ocr_model/eu1/train/TR05YPP.png,TR05YPP,eu,eu1,train
/Users/vladimir/Projects/ALPR/ocr_model/eu1/train/LL2134.png,LL2134,eu,eu1,train
/Users/vladimir/Projects/ALPR/ocr_model/eu1/train/B152FTO.png,B152FTO,eu,eu1,train
/Users/vladimir/Projects/ALPR/ocr_model/eu1/train/EVF960.png,EVF960,eu,eu1,train
/Users/vladimir/Projects/ALPR/ocr_model/eu1/train/MM11XYL.png,MM11XYL,eu,eu1,train
/Users/vladimir/Projects/ALPR/ocr_model/eu1/train/20CEY44.jpg,20CEY44,eu,eu1,train
/Users/vladimir/Projects/ALPR/ocr_model/eu1/train/9343ZH68.jpg,9343ZH68,eu,eu1,train
/Users/vladimir/Projects/ALPR/ocr_model/eu1/train/OS186DN.png,OS186DN,eu,eu1,train
/Users/vladimir/Projects/ALPR/ocr_model/eu1/train/LBQB61.png,LBQB61,eu,eu1,train
/Users/vladimir/Projects/ALPR/ocr_model/eu1/train/ABA1234.JPG,ABA1234,eu,eu1,train
/Users/vladimir/Projects/ALPR/ocr_model/eu1/train/FR400PK.jpg,FR400PK,eu,eu1,train
/Users/vladimir/Projects/ALPR/ocr_model/eu1/train/BE800HG.png,BE800HG,eu,eu1,train
/Users/vladimir/Projects/ALPR/ocr_model/eu1/train/GL2321.png,GL2321,eu,eu1,train
/Users/vladimir/Projects/ALPR/ocr_model/eu1/train/7B71000.png,7B71000,eu,eu1,train
/Users/vladimir/Projects/ALPR/ocr_model/eu1/train/ZH86183.png,ZH86183,eu,eu1,train
/Users/vladimir/Projects/ALPR/ocr_model/eu1/train/SB501CT.png,SB501CT,eu,eu1,train
/Users/vladimir/Projects/ALPR/ocr_model/eu1/train/BTF857H.png,BTF857H,eu,eu1,train
/Users/vladimir/Projects/ALPR/ocr_model/eu1/train/00LH2877.png,00LH2877,eu,eu1,train
/Users/vladimir/Projects/ALPR/ocr_model/eu1/train/45XM6.png,45XM6,eu,eu1,train
/Users/vladimir/Projects/ALPR/ocr_model/eu1/train/QCE908.png,QCE908,eu,eu1,train
/Users/vladimir/Projects/ALPR/ocr_model/eu1/train/G666CD.png,G666CD,eu,eu1,train
/Users/vladimir/Projects/ALPR/ocr_model/eu1/train/WW238BB.jpg,WW238BB,eu,eu1,train
/Users/vladimir/Projects/ALPR/ocr_model/eu1/train/EY728WJ.jpg,EY728WJ,eu,eu1,train
/Users/vladimir/Projects/ALPR/ocr_model/eu1/train/RUDCN890.JPG,RUDCN890,eu,eu1,train
/Users/vladimir/Projects/ALPR/ocr_model/eu1/train/JHJ70D.png,JHJ70D,eu,eu1,train
/Users/vladimir/Projects/ALPR/ocr_model/eu1/train/WOBVR142.JPG,WOBVR142,eu,eu1,train
/Users/vladimir/Projects/ALPR/ocr_model/eu1/train/BLC971.png,BLC971,eu,eu1,train
/Users/vladimir/Projects/ALPR/ocr_model/eu1/train/T399JBH_1.png,T399JBH,eu,eu1,train
/Users/vladimir/Projects/ALPR/ocr_model/eu1/train/AFZ8924.png,AFZ8924,eu,eu1,train
/Users/vladimir/Projects/ALPR/ocr_model/eu1/train/B101JGV.png,B101JGV,eu,eu1,train
/Users/vladimir/Projects/ALPR/ocr_model/eu1/train/EZ931ZH.jpg,EZ931ZH,eu,eu1,train
/Users/vladimir/Projects/ALPR/ocr_model/eu1/train/BXSV91.png,BXSV91,eu,eu1,train
/Users/vladimir/Projects/ALPR/ocr_model/eu1/train/W584RP.png,W584RP,eu,eu1,train
/Users/vladimir/Projects/ALPR/ocr_model/eu1/train/B535SFI.png,B535SFI,eu,eu1,train
/Users/vladimir/Projects/ALPR/ocr_model/eu1/train/FB670AV.png,FB670AV,eu,eu1,train
/Users/vladimir/Projects/ALPR/ocr_model/eu1/train/CX471YT.jpg,CX471YT,eu,eu1,train
/Users/vladimir/Projects/ALPR/ocr_model/eu1/train/CN976MT.jpg,CN976MT,eu,eu1,train
/Users/vladimir/Projects/ALPR/ocr_model/eu1/train/SLA789.png,SLA789,eu,eu1,train
/Users/vladimir/Projects/ALPR/ocr_model/eu1/train/4293HF.png,4293HF,eu,eu1,train
/Users/vladimir/Projects/ALPR/ocr_model/eu1/train/FR931PX.jpg,FR931PX,eu,eu1,train
/Users/vladimir/Projects/ALPR/ocr_model/eu1/train/PB046BB.png,PB046BB,eu,eu1,train
/Users/vladimir/Projects/ALPR/ocr_model/eu1/train/IF18YMH.png,IF18YMH,eu,eu1,train
/Users/vladimir/Projects/ALPR/ocr_model/eu1/train/1020HG90.jpg,1020HG90,eu,eu1,train
/Users/vladimir/Projects/ALPR/ocr_model/eu1/train/FB487GN.jpg,FB487GN,eu,eu1,train
/Users/vladimir/Projects/ALPR/ocr_model/eu1/train/B75MCY_1.png,B75MCY,eu,eu1,train
/Users/vladimir/Projects/ALPR/ocr_model/eu1/train/ER803WH.jpg,ER803WH,eu,eu1,train
/Users/vladimir/Projects/ALPR/ocr_model/eu1/train/CEH422S.png,CEH422S,eu,eu1,train
/Users/vladimir/Projects/ALPR/ocr_model/eu1/train/996AHG.png,996AHG,eu,eu1,train
/Users/vladimir/Projects/ALPR/ocr_model/eu1/train/T3FWS.png,T3FWS,eu,eu1,train
/Users/vladimir/Projects/ALPR/ocr_model/eu1/train/LE04EVW.png,LE04EVW,eu,eu1,train
/Users/vladimir/Projects/ALPR/ocr_model/eu1/train/BR16MOC_1.png,BR16MOC,eu,eu1,train
/Users/vladimir/Projects/ALPR/ocr_model/eu1/train/B68SPK.png,B68SPK,eu,eu1,train
/Users/vladimir/Projects/ALPR/ocr_model/eu1/train/24EZ90.jpg,24EZ90,eu,eu1,train
/Users/vladimir/Projects/ALPR/ocr_model/eu1/train/EA698EC.jpg,EA698EC,eu,eu1,train
/Users/vladimir/Projects/ALPR/ocr_model/eu1/train/BR07AAC.png,BR07AAC,eu,eu1,train
/Users/vladimir/Projects/ALPR/ocr_model/eu1/train/6099TV66.jpg,6099TV66,eu,eu1,train
/Users/vladimir/Projects/ALPR/ocr_model/eu1/train/AR687FF.jpg,AR687FF,eu,eu1,train
/Users/vladimir/Projects/ALPR/ocr_model/eu1/train/42MR22.png,42MR22,eu,eu1,train
/Users/vladimir/Projects/ALPR/ocr_model/eu1/train/B911BLG.png,B911BLG,eu,eu1,train
/Users/vladimir/Projects/ALPR/ocr_model/eu1/train/EV326XY.jpg,EV326XY,eu,eu1,train
/Users/vladimir/Projects/ALPR/ocr_model/eu1/train/1GFZ461.png,1GFZ461,eu,eu1,train
/Users/vladimir/Projects/ALPR/ocr_model/eu1/train/3307WWA84.png,3307WWA84,eu,eu1,train
/Users/vladimir/Projects/ALPR/ocr_model/eu1/train/NNI282.png,NNI282,eu,eu1,train
/Users/vladimir/Projects/ALPR/ocr_model/eu1/train/7796ZA30.png,7796ZA30,eu,eu1,train
/Users/vladimir/Projects/ALPR/ocr_model/eu1/train/LA5079.JPG,LA5079,eu,eu1,train
/Users/vladimir/Projects/ALPR/ocr_model/eu1/train/NRW45317.JPG,NRW45317,eu,eu1,train
/Users/vladimir/Projects/ALPR/ocr_model/eu1/train/OG883S.png,OG883S,eu,eu1,train
/Users/vladimir/Projects/ALPR/ocr_model/eu1/train/SMB2078.JPG,SMB2078,eu,eu1,train
/Users/vladimir/Projects/ALPR/ocr_model/eu1/train/SCS635.png,SCS635,eu,eu1,train
/Users/vladimir/Projects/ALPR/ocr_model/eu1/train/AAAA111.JPG,AAAA111,eu,eu1,train
/Users/vladimir/Projects/ALPR/ocr_model/eu1/train/B839HAR_1.png,B839HAR,eu,eu1,train
/Users/vladimir/Projects/ALPR/ocr_model/eu1/train/BBHZ1007.png,BBHZ1007,eu,eu1,train
/Users/vladimir/Projects/ALPR/ocr_model/eu1/train/8326WWG34.png,8326WWG34,eu,eu1,train
/Users/vladimir/Projects/ALPR/ocr_model/eu1/train/ZG56409.png,ZG56409,eu,eu1,train
/Users/vladimir/Projects/ALPR/ocr_model/eu1/train/DS641PQ.png,DS641PQ,eu,eu1,train
/Users/vladimir/Projects/ALPR/ocr_model/eu1/train/QAAN006.png,QAAN006,eu,eu1,train
/Users/vladimir/Projects/ALPR/ocr_model/eu1/train/PEK2023.png,PEK2023,eu,eu1,train
/Users/vladimir/Projects/ALPR/ocr_model/eu1/train/1KTT82.png,1KTT82,eu,eu1,train
/Users/vladimir/Projects/ALPR/ocr_model/eu1/train/TR95XMI.png,TR95XMI,eu,eu1,train
/Users/vladimir/Projects/ALPR/ocr_model/eu1/train/2KVB52.png,2KVB52,eu,eu1,train
/Users/vladimir/Projects/ALPR/ocr_model/eu1/train/VD861T.png,VD861T,eu,eu1,train
/Users/vladimir/Projects/ALPR/ocr_model/eu1/train/4980BM.png,4980BM,eu,eu1,train
/Users/vladimir/Projects/ALPR/ocr_model/eu1/train/BAXA506.png,BAXA506,eu,eu1,train
/Users/vladimir/Projects/ALPR/ocr_model/eu1/train/ES465EA.jpg,ES465EA,eu,eu1,train
/Users/vladimir/Projects/ALPR/ocr_model/eu1/train/6176YM27.jpg,6176YM27,eu,eu1,train
/Users/vladimir/Projects/ALPR/ocr_model/eu1/train/B320WTW.png,B320WTW,eu,eu1,train
/Users/vladimir/Projects/ALPR/ocr_model/eu1/train/ANK7444.png,ANK7444,eu,eu1,train
/Users/vladimir/Projects/ALPR/ocr_model/eu1/train/B58DTK.png,B58DTK,eu,eu1,train
/Users/vladimir/Projects/ALPR/ocr_model/eu1/train/CT879GW.png,CT879GW,eu,eu1,train
/Users/vladimir/Projects/ALPR/ocr_model/eu1/train/VZ390HM.png,VZ390HM,eu,eu1,train
/Users/vladimir/Projects/ALPR/ocr_model/eu1/train/CH516BB.jpg,CH516BB,eu,eu1,train
/Users/vladimir/Projects/ALPR/ocr_model/eu1/train/BA065FT.jpg,BA065FT,eu,eu1,train
/Users/vladimir/Projects/ALPR/ocr_model/eu1/train/FP999JB.jpg,FP999JB,eu,eu1,train
/Users/vladimir/Projects/ALPR/ocr_model/eu1/train/G86969.png,G86969,eu,eu1,train
/Users/vladimir/Projects/ALPR/ocr_model/eu1/train/JEE09.png,JEE09,eu,eu1,train
/Users/vladimir/Projects/ALPR/ocr_model/eu1/train/DL076WT.jpg,DL076WT,eu,eu1,train
/Users/vladimir/Projects/ALPR/ocr_model/eu1/train/FF486XA.jpg,FF486XA,eu,eu1,train
/Users/vladimir/Projects/ALPR/ocr_model/eu1/train/B089414.png,B089414,eu,eu1,train
/Users/vladimir/Projects/ALPR/ocr_model/eu1/train/SB90TZI_1.png,SB90TZI,eu,eu1,train
/Users/vladimir/Projects/ALPR/ocr_model/eu1/train/FP055HQ.jpg,FP055HQ,eu,eu1,train
/Users/vladimir/Projects/ALPR/ocr_model/eu1/train/G1457B.png,G1457B,eu,eu1,train
/Users/vladimir/Projects/ALPR/ocr_model/eu1/train/3233YG30.png,3233YG30,eu,eu1,train
/Users/vladimir/Projects/ALPR/ocr_model/eu1/train/GXD385.png,GXD385,eu,eu1,train
/Users/vladimir/Projects/ALPR/ocr_model/eu1/train/G2870D.png,G2870D,eu,eu1,train
/Users/vladimir/Projects/ALPR/ocr_model/eu1/train/DQ040VP.jpg,DQ040VP,eu,eu1,train
/Users/vladimir/Projects/ALPR/ocr_model/eu1/train/WOBAV151.JPG,WOBAV151,eu,eu1,train
/Users/vladimir/Projects/ALPR/ocr_model/eu1/train/B111TXS.png,B111TXS,eu,eu1,train
/Users/vladimir/Projects/ALPR/ocr_model/eu1/train/AH004FEZ.png,AH004FEZ,eu,eu1,train
/Users/vladimir/Projects/ALPR/ocr_model/eu1/train/DC165MK.jpg,DC165MK,eu,eu1,train
/Users/vladimir/Projects/ALPR/ocr_model/eu1/train/AT688KL.jpg,AT688KL,eu,eu1,train
/Users/vladimir/Projects/ALPR/ocr_model/eu1/train/G8772B.png,G8772B,eu,eu1,train
/Users/vladimir/Projects/ALPR/ocr_model/eu1/train/DUS170.png,DUS170,eu,eu1,train
/Users/vladimir/Projects/ALPR/ocr_model/eu1/train/CJ183LS.png,CJ183LS,eu,eu1,train
/Users/vladimir/Projects/ALPR/ocr_model/eu1/train/SEJ2011.png,SEJ2011,eu,eu1,train
/Users/vladimir/Projects/ALPR/ocr_model/eu1/train/9JAG121.png,9JAG121,eu,eu1,train
/Users/vladimir/Projects/ALPR/ocr_model/eu1/train/BF058NY.jpg,BF058NY,eu,eu1,train
/Users/vladimir/Projects/ALPR/ocr_model/eu1/train/VK266CJ.png,VK266CJ,eu,eu1,train
/Users/vladimir/Projects/ALPR/ocr_model/eu1/train/MAX059.png,MAX059,eu,eu1,train
/Users/vladimir/Projects/ALPR/ocr_model/eu1/train/B96TRH.png,B96TRH,eu,eu1,train
/Users/vladimir/Projects/ALPR/ocr_model/eu1/train/EC431DC.jpg,EC431DC,eu,eu1,train
/Users/vladimir/Projects/ALPR/ocr_model/eu1/train/HGAA7034.JPG,HGAA7034,eu,eu1,train
/Users/vladimir/Projects/ALPR/ocr_model/eu1/train/84R2712A.png,84R2712A,eu,eu1,train
/Users/vladimir/Projects/ALPR/ocr_model/eu1/train/VEL923.png,VEL923,eu,eu1,train
/Users/vladimir/Projects/ALPR/ocr_model/eu1/train/KIS6744.png,KIS6744,eu,eu1,train
/Users/vladimir/Projects/ALPR/ocr_model/eu1/train/MBDT781.JPG,MBDT781,eu,eu1,train
/Users/vladimir/Projects/ALPR/ocr_model/eu1/train/DB18SCF.png,DB18SCF,eu,eu1,train
/Users/vladimir/Projects/ALPR/ocr_model/eu1/train/ZH818159.png,ZH818159,eu,eu1,train
/Users/vladimir/Projects/ALPR/ocr_model/eu1/train/GO6600H.png,GO6600H,eu,eu1,train
/Users/vladimir/Projects/ALPR/ocr_model/eu1/train/NRW11.png,NRW11,eu,eu1,train
/Users/vladimir/Projects/ALPR/ocr_model/eu1/train/IF82EVA.png,IF82EVA,eu,eu1,train
/Users/vladimir/Projects/ALPR/ocr_model/eu1/train/ESTG27.png,ESTG27,eu,eu1,train
/Users/vladimir/Projects/ALPR/ocr_model/eu1/train/ES344.png,ES344,eu,eu1,train
/Users/vladimir/Projects/ALPR/ocr_model/eu1/train/97C17149.png,97C17149,eu,eu1,train
/Users/vladimir/Projects/ALPR/ocr_model/eu1/train/VD5886Z.png,VD5886Z,eu,eu1,train
/Users/vladimir/Projects/ALPR/ocr_model/eu1/train/84R2712A_1.png,84R2712A,eu,eu1,train
/Users/vladimir/Projects/ALPR/ocr_model/eu1/train/1OYD682.png,1OYD682,eu,eu1,train
/Users/vladimir/Projects/ALPR/ocr_model/eu1/train/VJ8593.png,VJ8593,eu,eu1,train
/Users/vladimir/Projects/ALPR/ocr_model/eu1/train/P01229.png,P01229,eu,eu1,train
/Users/vladimir/Projects/ALPR/ocr_model/eu1/train/SE8517BW.png,SE8517BW,eu,eu1,train
/Users/vladimir/Projects/ALPR/ocr_model/eu1/train/BQ670QB.png,BQ670QB,eu,eu1,train
/Users/vladimir/Projects/ALPR/ocr_model/eu1/train/LBGM3358.png,LBGM3358,eu,eu1,train
/Users/vladimir/Projects/ALPR/ocr_model/eu1/train/P01995.png,P01995,eu,eu1,train
/Users/vladimir/Projects/ALPR/ocr_model/eu1/train/5675858.png,5675858,eu,eu1,train
/Users/vladimir/Projects/ALPR/ocr_model/eu1/train/252AYF67.png,252AYF67,eu,eu1,train
/Users/vladimir/Projects/ALPR/ocr_model/eu1/train/IF09DAA.png,IF09DAA,eu,eu1,train
/Users/vladimir/Projects/ALPR/ocr_model/eu1/train/FCK469.png,FCK469,eu,eu1,train
/Users/vladimir/Projects/ALPR/ocr_model/eu1/train/EM279BL.jpg,EM279BL,eu,eu1,train
/Users/vladimir/Projects/ALPR/ocr_model/eu1/train/FN979XC.jpg,FN979XC,eu,eu1,train
/Users/vladimir/Projects/ALPR/ocr_model/eu1/train/BL001AA.png,BL001AA,eu,eu1,train
/Users/vladimir/Projects/ALPR/ocr_model/eu1/train/FS938HA.jpg,FS938HA,eu,eu1,train
/Users/vladimir/Projects/ALPR/ocr_model/eu1/train/QLGX125.JPG,QLGX125,eu,eu1,train
/Users/vladimir/Projects/ALPR/ocr_model/eu1/train/CK1007.png,CK1007,eu,eu1,train
/Users/vladimir/Projects/ALPR/ocr_model/eu1/train/FL900VP.jpg,FL900VP,eu,eu1,train
/Users/vladimir/Projects/ALPR/ocr_model/eu1/train/CX347FC.png,CX347FC,eu,eu1,train
/Users/vladimir/Projects/ALPR/ocr_model/eu1/train/BH3946BT.png,BH3946BT,eu,eu1,train
/Users/vladimir/Projects/ALPR/ocr_model/eu1/train/NW17700.png,NW17700,eu,eu1,train
/Users/vladimir/Projects/ALPR/ocr_model/eu1/train/CZ743ZY.png,CZ743ZY,eu,eu1,train
/Users/vladimir/Projects/ALPR/ocr_model/eu1/train/CM229MN_1.png,CM229MN,eu,eu1,train
/Users/vladimir/Projects/ALPR/ocr_model/eu1/train/DS051CD.png,DS051CD,eu,eu1,train
/Users/vladimir/Projects/ALPR/ocr_model/eu1/train/07KE10361.png,07KE10361,eu,eu1,train
/Users/vladimir/Projects/ALPR/ocr_model/eu1/train/FE615XW.jpg,FE615XW,eu,eu1,train
/Users/vladimir/Projects/ALPR/ocr_model/eu1/train/CQ378MH.jpg,CQ378MH,eu,eu1,train
/Users/vladimir/Projects/ALPR/ocr_model/eu1/train/BRL702.png,BRL702,eu,eu1,train
/Users/vladimir/Projects/ALPR/ocr_model/eu1/train/1218ZD25.jpg,1218ZD25,eu,eu1,train
/Users/vladimir/Projects/ALPR/ocr_model/eu1/train/CA188VG.jpg,CA188VG,eu,eu1,train
/Users/vladimir/Projects/ALPR/ocr_model/eu1/train/GR69681.png,GR69681,eu,eu1,train
/Users/vladimir/Projects/ALPR/ocr_model/eu1/train/EM997GY.jpg,EM997GY,eu,eu1,train
/Users/vladimir/Projects/ALPR/ocr_model/eu1/train/PFME707.png,PFME707,eu,eu1,train
/Users/vladimir/Projects/ALPR/ocr_model/eu1/train/E59J262.png,E59J262,eu,eu1,train
/Users/vladimir/Projects/ALPR/ocr_model/eu1/train/E52CNW.png,E52CNW,eu,eu1,train
/Users/vladimir/Projects/ALPR/ocr_model/eu1/train/VS236891.png,VS236891,eu,eu1,train
/Users/vladimir/Projects/ALPR/ocr_model/eu1/train/FS319DF.jpg,FS319DF,eu,eu1,train
/Users/vladimir/Projects/ALPR/ocr_model/eu1/train/FS246WV.jpg,FS246WV,eu,eu1,train
/Users/vladimir/Projects/ALPR/ocr_model/eu1/train/DQ200PB_1.png,DQ200PB,eu,eu1,train
/Users/vladimir/Projects/ALPR/ocr_model/eu1/train/W31491N.png,W31491N,eu,eu1,train
/Users/vladimir/Projects/ALPR/ocr_model/eu1/train/DQ200PB.png,DQ200PB,eu,eu1,train
/Users/vladimir/Projects/ALPR/ocr_model/eu1/train/FM335RQ.jpg,FM335RQ,eu,eu1,train
/Users/vladimir/Projects/ALPR/ocr_model/eu1/train/EZ853XD.jpg,EZ853XD,eu,eu1,train
/Users/vladimir/Projects/ALPR/ocr_model/eu1/train/33DS71.png,33DS71,eu,eu1,train
/Users/vladimir/Projects/ALPR/ocr_model/eu1/train/B172WAW.png,B172WAW,eu,eu1,train
/Users/vladimir/Projects/ALPR/ocr_model/eu1/train/Y932DGP.png,Y932DGP,eu,eu1,train
/Users/vladimir/Projects/ALPR/ocr_model/eu1/train/DY378ZH.jpg,DY378ZH,eu,eu1,train
/Users/vladimir/Projects/ALPR/ocr_model/eu1/train/LM5399.png,LM5399,eu,eu1,train
/Users/vladimir/Projects/ALPR/ocr_model/eu1/train/CR214ZQ.jpg,CR214ZQ,eu,eu1,train
/Users/vladimir/Projects/ALPR/ocr_model/eu1/train/BE19260.png,BE19260,eu,eu1,train
/Users/vladimir/Projects/ALPR/ocr_model/eu1/train/DQ824BE.png,DQ824BE,eu,eu1,train
/Users/vladimir/Projects/ALPR/ocr_model/eu1/train/SAN4002.png,SAN4002,eu,eu1,train
/Users/vladimir/Projects/ALPR/ocr_model/eu1/train/CT038ZN.png,CT038ZN,eu,eu1,train
/Users/vladimir/Projects/ALPR/ocr_model/eu1/train/BY187RT.jpg,BY187RT,eu,eu1,train
/Users/vladimir/Projects/ALPR/ocr_model/eu1/train/FH785HT.jpg,FH785HT,eu,eu1,train
/Users/vladimir/Projects/ALPR/ocr_model/eu1/train/B276WOW.png,B276WOW,eu,eu1,train
/Users/vladimir/Projects/ALPR/ocr_model/eu1/train/1AAL547.png,1AAL547,eu,eu1,train
/Users/vladimir/Projects/ALPR/ocr_model/eu1/train/PEM2363.png,PEM2363,eu,eu1,train
/Users/vladimir/Projects/ALPR/ocr_model/eu1/train/UUP216.png,UUP216,eu,eu1,train
/Users/vladimir/Projects/ALPR/ocr_model/eu1/train/BT254HA.jpg,BT254HA,eu,eu1,train
/Users/vladimir/Projects/ALPR/ocr_model/eu1/train/BH815JR.jpg,BH815JR,eu,eu1,train
/Users/vladimir/Projects/ALPR/ocr_model/eu1/train/5122WQ06.jpg,5122WQ06,eu,eu1,train
/Users/vladimir/Projects/ALPR/ocr_model/eu1/train/CRX110.png,CRX110,eu,eu1,train
/Users/vladimir/Projects/ALPR/ocr_model/eu1/train/L0JJ1011.png,L0JJ1011,eu,eu1,train
/Users/vladimir/Projects/ALPR/ocr_model/eu1/train/EE972DY.jpg,EE972DY,eu,eu1,train
/Users/vladimir/Projects/ALPR/ocr_model/eu1/train/DW664GT.jpg,DW664GT,eu,eu1,train
/Users/vladimir/Projects/ALPR/ocr_model/eu1/train/B58RMB.png,B58RMB,eu,eu1,train
/Users/vladimir/Projects/ALPR/ocr_model/eu1/train/DM025MP.jpg,DM025MP,eu,eu1,train
/Users/vladimir/Projects/ALPR/ocr_model/eu1/train/BW091AS.png,BW091AS,eu,eu1,train
/Users/vladimir/Projects/ALPR/ocr_model/eu1/train/W373KE.jpg,W373KE,eu,eu1,train
/Users/vladimir/Projects/ALPR/ocr_model/eu1/train/0648BU.png,0648BU,eu,eu1,train
/Users/vladimir/Projects/ALPR/ocr_model/eu1/train/EC377VM.jpg,EC377VM,eu,eu1,train
/Users/vladimir/Projects/ALPR/ocr_model/eu1/train/SRG105.png,SRG105,eu,eu1,train
/Users/vladimir/Projects/ALPR/ocr_model/eu1/train/7770ZP14.jpg,7770ZP14,eu,eu1,train
/Users/vladimir/Projects/ALPR/ocr_model/eu1/train/MGX1234.JPG,MGX1234,eu,eu1,train
/Users/vladimir/Projects/ALPR/ocr_model/eu1/train/6807GZ2A.png,6807GZ2A,eu,eu1,train
/Users/vladimir/Projects/ALPR/ocr_model/eu1/train/XTJ842.png,XTJ842,eu,eu1,train
/Users/vladimir/Projects/ALPR/ocr_model/eu1/train/0310CRG.png,0310CRG,eu,eu1,train
/Users/vladimir/Projects/ALPR/ocr_model/eu1/train/2AN0913.png,2AN0913,eu,eu1,train
/Users/vladimir/Projects/ALPR/ocr_model/eu1/train/CG988FL.jpg,CG988FL,eu,eu1,train
/Users/vladimir/Projects/ALPR/ocr_model/eu1/train/BE609343.png,BE609343,eu,eu1,train
/Users/vladimir/Projects/ALPR/ocr_model/eu1/train/FP190SM.jpg,FP190SM,eu,eu1,train
/Users/vladimir/Projects/ALPR/ocr_model/eu1/train/M2090WM.png,M2090WM,eu,eu1,train
/Users/vladimir/Projects/ALPR/ocr_model/eu1/train/MA877AA.png,MA877AA,eu,eu1,train
/Users/vladimir/Projects/ALPR/ocr_model/eu1/train/MS5683V.png,MS5683V,eu,eu1,train
/Users/vladimir/Projects/ALPR/ocr_model/eu1/train/NA516BN.png,NA516BN,eu,eu1,train
/Users/vladimir/Projects/ALPR/ocr_model/eu1/train/FH746CT.jpg,FH746CT,eu,eu1,train
/Users/vladimir/Projects/ALPR/ocr_model/eu1/train/AY963FL.jpg,AY963FL,eu,eu1,train
/Users/vladimir/Projects/ALPR/ocr_model/eu1/train/S051701.png,S051701,eu,eu1,train
/Users/vladimir/Projects/ALPR/ocr_model/eu1/train/5951FPF.png,5951FPF,eu,eu1,train
/Users/vladimir/Projects/ALPR/ocr_model/eu1/train/1484ZM30.jpeg,1484ZM30,eu,eu1,train
/Users/vladimir/Projects/ALPR/ocr_model/eu1/train/FG047WG.jpg,FG047WG,eu,eu1,train
/Users/vladimir/Projects/ALPR/ocr_model/eu1/train/20319TTW.png,20319TTW,eu,eu1,train
/Users/vladimir/Projects/ALPR/ocr_model/eu1/train/CJ711YG.jpg,CJ711YG,eu,eu1,train
/Users/vladimir/Projects/ALPR/ocr_model/eu1/train/C04279Y.png,C04279Y,eu,eu1,train
/Users/vladimir/Projects/ALPR/ocr_model/eu1/train/FB761SN.jpg,FB761SN,eu,eu1,train
/Users/vladimir/Projects/ALPR/ocr_model/eu1/train/CM229MN.png,CM229MN,eu,eu1,train
/Users/vladimir/Projects/ALPR/ocr_model/eu1/train/XK15588.png,XK15588,eu,eu1,train
/Users/vladimir/Projects/ALPR/ocr_model/eu1/train/EYA4798.png,EYA4798,eu,eu1,train
/Users/vladimir/Projects/ALPR/ocr_model/eu1/train/CQ699FC.jpg,CQ699FC,eu,eu1,train
/Users/vladimir/Projects/ALPR/ocr_model/eu1/train/JUX703.png,JUX703,eu,eu1,train
/Users/vladimir/Projects/ALPR/ocr_model/eu1/train/SUFF170.JPG,SUFF170,eu,eu1,train
/Users/vladimir/Projects/ALPR/ocr_model/eu1/train/L121243.png,L121243,eu,eu1,train
/Users/vladimir/Projects/ALPR/ocr_model/eu1/train/AA821PT.png,AA821PT,eu,eu1,train
/Users/vladimir/Projects/ALPR/ocr_model/eu1/train/WOBNP301.JPG,WOBNP301,eu,eu1,train
/Users/vladimir/Projects/ALPR/ocr_model/eu1/train/SNG661.png,SNG661,eu,eu1,train
/Users/vladimir/Projects/ALPR/ocr_model/eu1/train/4969ZD56.png,4969ZD56,eu,eu1,train
/Users/vladimir/Projects/ALPR/ocr_model/eu1/train/PELN212.JPG,PELN212,eu,eu1,train
/Users/vladimir/Projects/ALPR/ocr_model/eu1/train/TV00007.png,TV00007,eu,eu1,train
/Users/vladimir/Projects/ALPR/ocr_model/eu1/train/SR11979.png,SR11979,eu,eu1,train
/Users/vladimir/Projects/ALPR/ocr_model/eu1/train/DH058PS.jpg,DH058PS,eu,eu1,train
/Users/vladimir/Projects/ALPR/ocr_model/eu1/train/TR05RGB.jpg,TR05RGB,eu,eu1,train
/Users/vladimir/Projects/ALPR/ocr_model/eu1/train/FR192CN.jpg,FR192CN,eu,eu1,train
/Users/vladimir/Projects/ALPR/ocr_model/eu1/train/FA485KS.jpg,FA485KS,eu,eu1,train
/Users/vladimir/Projects/ALPR/ocr_model/eu1/train/SRG4104.png,SRG4104,eu,eu1,train
/Users/vladimir/Projects/ALPR/ocr_model/eu1/train/AA6888KI.png,AA6888KI,eu,eu1,train
/Users/vladimir/Projects/ALPR/ocr_model/eu1/train/BN840DD.png,BN840DD,eu,eu1,train
/Users/vladimir/Projects/ALPR/ocr_model/eu1/train/ZDT923.png,ZDT923,eu,eu1,train
/Users/vladimir/Projects/ALPR/ocr_model/eu1/train/S0A1468.png,S0A1468,eu,eu1,train
/Users/vladimir/Projects/ALPR/ocr_model/eu1/train/B24RRX.png,B24RRX,eu,eu1,train
/Users/vladimir/Projects/ALPR/ocr_model/eu1/train/HKT8466.png,HKT8466,eu,eu1,train
/Users/vladimir/Projects/ALPR/ocr_model/eu1/train/VD961408.png,VD961408,eu,eu1,train
/Users/vladimir/Projects/ALPR/ocr_model/eu1/train/MBCL600.JPG,MBCL600,eu,eu1,train
/Users/vladimir/Projects/ALPR/ocr_model/eu1/train/CE7373AE.png,CE7373AE,eu,eu1,train
/Users/vladimir/Projects/ALPR/ocr_model/eu1/train/W178JZ.jpg,W178JZ,eu,eu1,train
/Users/vladimir/Projects/ALPR/ocr_model/eu1/train/DR337TM.png,DR337TM,eu,eu1,train
/Users/vladimir/Projects/ALPR/ocr_model/eu1/train/KR444FT.png,KR444FT,eu,eu1,train
/Users/vladimir/Projects/ALPR/ocr_model/eu1/train/EL540EV.jpg,EL540EV,eu,eu1,train
/Users/vladimir/Projects/ALPR/ocr_model/eu1/train/BE259030.png,BE259030,eu,eu1,train
/Users/vladimir/Projects/ALPR/ocr_model/eu1/train/NDNH12.png,NDNH12,eu,eu1,train
/Users/vladimir/Projects/ALPR/ocr_model/eu1/train/EL902WL.jpg,EL902WL,eu,eu1,train
/Users/vladimir/Projects/ALPR/ocr_model/eu1/train/T399JBH.png,T399JBH,eu,eu1,train
/Users/vladimir/Projects/ALPR/ocr_model/eu1/train/DK752QM.jpg,DK752QM,eu,eu1,train
/Users/vladimir/Projects/ALPR/ocr_model/eu1/train/CJ300YS.jpg,CJ300YS,eu,eu1,train
/Users/vladimir/Projects/ALPR/ocr_model/eu1/train/BH109XW.jpg,BH109XW,eu,eu1,train
/Users/vladimir/Projects/ALPR/ocr_model/eu1/train/SB90TZI.png,SB90TZI,eu,eu1,train
/Users/vladimir/Projects/ALPR/ocr_model/eu1/train/IF99STK.png,IF99STK,eu,eu1,train
/Users/vladimir/Projects/ALPR/ocr_model/eu1/train/SZ60653.png,SZ60653,eu,eu1,train
/Users/vladimir/Projects/ALPR/ocr_model/eu1/train/FC074ZF.jpg,FC074ZF,eu,eu1,train
/Users/vladimir/Projects/ALPR/ocr_model/eu1/train/32LZ43.png,32LZ43,eu,eu1,train
/Users/vladimir/Projects/ALPR/ocr_model/eu1/train/B305CIL.png,B305CIL,eu,eu1,train
/Users/vladimir/Projects/ALPR/ocr_model/eu1/train/SHB6665.png,SHB6665,eu,eu1,train
/Users/vladimir/Projects/ALPR/ocr_model/eu1/train/DJ115AO.png,DJ115AO,eu,eu1,train
/Users/vladimir/Projects/ALPR/ocr_model/eu1/train/9148SZ66.jpg,9148SZ66,eu,eu1,train
/Users/vladimir/Projects/ALPR/ocr_model/eu1/train/ABGAP33.png,ABGAP33,eu,eu1,train
/Users/vladimir/Projects/ALPR/ocr_model/eu1/train/236M125.png,236M125,eu,eu1,train
/Users/vladimir/Projects/ALPR/ocr_model/eu1/train/AEK5017.png,AEK5017,eu,eu1,train
/Users/vladimir/Projects/ALPR/ocr_model/eu1/train/BR07AAC_1.png,BR07AAC,eu,eu1,train
/Users/vladimir/Projects/ALPR/ocr_model/eu1/train/MAP7563.JPG,MAP7563,eu,eu1,train
/Users/vladimir/Projects/ALPR/ocr_model/eu1/train/B311ALY.png,B311ALY,eu,eu1,train
/Users/vladimir/Projects/ALPR/ocr_model/eu1/train/CY381NR_1.png,CY381NR,eu,eu1,train
/Users/vladimir/Projects/ALPR/ocr_model/eu1/train/DN419NG.jpg,DN419NG,eu,eu1,train
/Users/vladimir/Projects/ALPR/ocr_model/eu1/train/SG59711.png,SG59711,eu,eu1,train
/Users/vladimir/Projects/ALPR/ocr_model/eu1/train/SBE880.png,SBE880,eu,eu1,train
/Users/vladimir/Projects/ALPR/ocr_model/eu1/train/PR24246.png,PR24246,eu,eu1,train
/Users/vladimir/Projects/ALPR/ocr_model/eu1/train/SLH8566.png,SLH8566,eu,eu1,train
/Users/vladimir/Projects/ALPR/ocr_model/eu1/train/08BBJ9.png,08BBJ9,eu,eu1,train
/Users/vladimir/Projects/ALPR/ocr_model/eu1/train/FR199739.png,FR199739,eu,eu1,train
/Users/vladimir/Projects/ALPR/ocr_model/eu1/train/6473GZR.png,6473GZR,eu,eu1,train
/Users/vladimir/Projects/ALPR/ocr_model/eu1/train/LG9.JPG,LG9,eu,eu1,train
/Users/vladimir/Projects/ALPR/ocr_model/eu1/train/DT0505.png,DT0505,eu,eu1,train
/Users/vladimir/Projects/ALPR/ocr_model/eu1/train/BS45640_1.png,BS45640,eu,eu1,train
/Users/vladimir/Projects/ALPR/ocr_model/eu1/train/IF99STK_1.png,IF99STK,eu,eu1,train
/Users/vladimir/Projects/ALPR/ocr_model/eu1/train/PP33556.png,PP33556,eu,eu1,train
/Users/vladimir/Projects/ALPR/ocr_model/eu1/train/SJJ1621.png,SJJ1621,eu,eu1,train
/Users/vladimir/Projects/ALPR/ocr_model/eu1/train/KPPIRAN5.png,KPPIRAN5,eu,eu1,train
/Users/vladimir/Projects/ALPR/ocr_model/eu1/train/19LPBL1.png,19LPBL1,eu,eu1,train
/Users/vladimir/Projects/ALPR/ocr_model/eu1/train/FM264CL.jpg,FM264CL,eu,eu1,train
/Users/vladimir/Projects/ALPR/ocr_model/eu1/train/TG14106.png,TG14106,eu,eu1,train
/Users/vladimir/Projects/ALPR/ocr_model/eu1/train/GL80013U.png,GL80013U,eu,eu1,train
/Users/vladimir/Projects/ALPR/ocr_model/eu1/train/BA0304AC.png,BA0304AC,eu,eu1,train
/Users/vladimir/Projects/ALPR/ocr_model/eu1/train/RA5366.png,RA5366,eu,eu1,train
/Users/vladimir/Projects/ALPR/ocr_model/eu1/train/1BQQ250.png,1BQQ250,eu,eu1,train
/Users/vladimir/Projects/ALPR/ocr_model/eu1/train/AR21346.png,AR21346,eu,eu1,train
/Users/vladimir/Projects/ALPR/ocr_model/eu1/train/CS903QC.jpg,CS903QC,eu,eu1,train
/Users/vladimir/Projects/ALPR/ocr_model/eu1/train/BL33635_1.png,BL33635,eu,eu1,train
/Users/vladimir/Projects/ALPR/ocr_model/eu1/train/3233YG30_1.png,3233YG30,eu,eu1,train
/Users/vladimir/Projects/ALPR/ocr_model/eu1/train/EN009NR.jpg,EN009NR,eu,eu1,train
/Users/vladimir/Projects/ALPR/ocr_model/eu1/train/MDPC1249.png,MDPC1249,eu,eu1,train
/Users/vladimir/Projects/ALPR/ocr_model/eu1/train/3372HKW.png,3372HKW,eu,eu1,train
/Users/vladimir/Projects/ALPR/ocr_model/eu1/train/SGE6783.png,SGE6783,eu,eu1,train
/Users/vladimir/Projects/ALPR/ocr_model/eu1/train/BP897ER.jpg,BP897ER,eu,eu1,train
/Users/vladimir/Projects/ALPR/ocr_model/eu1/train/BH688GW.jpg,BH688GW,eu,eu1,train
/Users/vladimir/Projects/ALPR/ocr_model/eu1/train/B911BLG_1.png,B911BLG,eu,eu1,train
/Users/vladimir/Projects/ALPR/ocr_model/eu1/train/BK308GQ.jpg,BK308GQ,eu,eu1,train
/Users/vladimir/Projects/ALPR/ocr_model/eu1/train/G98085.png,G98085,eu,eu1,train
/Users/vladimir/Projects/ALPR/ocr_model/eu1/train/D042652.png,D042652,eu,eu1,train
/Users/vladimir/Projects/ALPR/ocr_model/eu1/train/8185ZS30.png,8185ZS30,eu,eu1,train
/Users/vladimir/Projects/ALPR/ocr_model/eu1/train/AM113DA.png,AM113DA,eu,eu1,train
/Users/vladimir/Projects/ALPR/ocr_model/eu1/train/B198FLN.png,B198FLN,eu,eu1,train
/Users/vladimir/Projects/ALPR/ocr_model/eu1/train/BMW6220.png,BMW6220,eu,eu1,train
/Users/vladimir/Projects/ALPR/ocr_model/eu1/train/G6620A.png,G6620A,eu,eu1,train
/Users/vladimir/Projects/ALPR/ocr_model/eu1/train/43TFQ92.png,43TFQ92,eu,eu1,train
/Users/vladimir/Projects/ALPR/ocr_model/eu1/train/30VBX7.png,30VBX7,eu,eu1,train
/Users/vladimir/Projects/ALPR/ocr_model/eu1/train/995AXF35.jpg,995AXF35,eu,eu1,train
/Users/vladimir/Projects/ALPR/ocr_model/eu1/train/BR16MOC.png,BR16MOC,eu,eu1,train
/Users/vladimir/Projects/ALPR/ocr_model/eu1/train/BQ360YQ.jpg,BQ360YQ,eu,eu1,train
/Users/vladimir/Projects/ALPR/ocr_model/eu1/train/DD454YP.jpg,DD454YP,eu,eu1,train
/Users/vladimir/Projects/ALPR/ocr_model/eu1/train/DK436ET.jpg,DK436ET,eu,eu1,train
/Users/vladimir/Projects/ALPR/ocr_model/eu1/train/VH13609.png,VH13609,eu,eu1,train
/Users/vladimir/Projects/ALPR/ocr_model/eu1/train/FH921SN.jpg,FH921SN,eu,eu1,train
/Users/vladimir/Projects/ALPR/ocr_model/eu1/train/DOHAPE1.png,DOHAPE1,eu,eu1,train
/Users/vladimir/Projects/ALPR/ocr_model/eu1/train/BP310AH.png,BP310AH,eu,eu1,train
/Users/vladimir/Projects/ALPR/ocr_model/eu1/train/FG393BF.jpg,FG393BF,eu,eu1,train
/Users/vladimir/Projects/ALPR/ocr_model/eu1/train/MDLAYK7.png,MDLAYK7,eu,eu1,train
/Users/vladimir/Projects/ALPR/ocr_model/eu1/train/BMJ9855.png,BMJ9855,eu,eu1,train
/Users/vladimir/Projects/ALPR/ocr_model/eu1/train/04WH3753.png,04WH3753,eu,eu1,train
/Users/vladimir/Projects/ALPR/ocr_model/eu1/train/BB980NJ.jpg,BB980NJ,eu,eu1,train
/Users/vladimir/Projects/ALPR/ocr_model/eu1/train/BJ604SB.jpg,BJ604SB,eu,eu1,train
/Users/vladimir/Projects/ALPR/ocr_model/eu1/train/381ATK83.png,381ATK83,eu,eu1,train
/Users/vladimir/Projects/ALPR/ocr_model/eu1/train/2417GSM.png,2417GSM,eu,eu1,train
/Users/vladimir/Projects/ALPR/ocr_model/eu1/train/54JXF8.png,54JXF8,eu,eu1,train
/Users/vladimir/Projects/ALPR/ocr_model/eu1/train/ER888FS.jpg,ER888FS,eu,eu1,train
/Users/vladimir/Projects/ALPR/ocr_model/eu1/train/FL527JN.jpg,FL527JN,eu,eu1,train
/Users/vladimir/Projects/ALPR/ocr_model/eu1/train/BL585KE.jpg,BL585KE,eu,eu1,train
/Users/vladimir/Projects/ALPR/ocr_model/eu1/train/AI20291_1.png,AI20291,eu,eu1,train
/Users/vladimir/Projects/ALPR/ocr_model/eu1/train/DT548KY.png,DT548KY,eu,eu1,train
/Users/vladimir/Projects/ALPR/ocr_model/eu1/train/DY769ZV.jpg,DY769ZV,eu,eu1,train
/Users/vladimir/Projects/ALPR/ocr_model/eu1/train/NE62697.png,NE62697,eu,eu1,train
/Users/vladimir/Projects/ALPR/ocr_model/eu1/train/BV547PG.png,BV547PG,eu,eu1,train
/Users/vladimir/Projects/ALPR/ocr_model/eu1/train/MG06438.png,MG06438,eu,eu1,train
/Users/vladimir/Projects/ALPR/ocr_model/eu1/train/FS066SR.jpg,FS066SR,eu,eu1,train
/Users/vladimir/Projects/ALPR/ocr_model/eu1/train/BAXB500.png,BAXB500,eu,eu1,train
/Users/vladimir/Projects/ALPR/ocr_model/eu1/train/G0CIAPA.png,G0CIAPA,eu,eu1,train
/Users/vladimir/Projects/ALPR/ocr_model/eu1/train/KSC124.png,KSC124,eu,eu1,train
/Users/vladimir/Projects/ALPR/ocr_model/eu1/train/CM855DY.png,CM855DY,eu,eu1,train
/Users/vladimir/Projects/ALPR/ocr_model/eu1/train/BH66597.png,BH66597,eu,eu1,train
/Users/vladimir/Projects/ALPR/ocr_model/eu1/train/75N1960G_1.png,75N1960G,eu,eu1,train
/Users/vladimir/Projects/ALPR/ocr_model/eu1/train/BE850NF.jpg,BE850NF,eu,eu1,train
/Users/vladimir/Projects/ALPR/ocr_model/eu1/train/FS371VQ.jpg,FS371VQ,eu,eu1,train
/Users/vladimir/Projects/ALPR/ocr_model/eu1/train/AK685FJ.jpg,AK685FJ,eu,eu1,train
/Users/vladimir/Projects/ALPR/ocr_model/eu1/train/CA213ZN.jpg,CA213ZN,eu,eu1,train
/Users/vladimir/Projects/ALPR/ocr_model/eu1/train/HHSE457H.png,HHSE457H,eu,eu1,train
/Users/vladimir/Projects/ALPR/ocr_model/eu1/train/B99BNX.png,B99BNX,eu,eu1,train
/Users/vladimir/Projects/ALPR/ocr_model/eu1/train/AP666TQ.jpg,AP666TQ,eu,eu1,train
/Users/vladimir/Projects/ALPR/ocr_model/eu1/train/AV812LT.png,AV812LT,eu,eu1,train
/Users/vladimir/Projects/ALPR/ocr_model/eu1/train/DD178TV.jpg,DD178TV,eu,eu1,train
/Users/vladimir/Projects/ALPR/ocr_model/eu1/train/G1176.png,G1176,eu,eu1,train
/Users/vladimir/Projects/ALPR/ocr_model/eu1/train/AI20291.png,AI20291,eu,eu1,train
/Users/vladimir/Projects/ALPR/ocr_model/eu1/train/SMC1735.JPG,SMC1735,eu,eu1,train
/Users/vladimir/Projects/ALPR/ocr_model/eu1/train/DJ097DJ.png,DJ097DJ,eu,eu1,train
/Users/vladimir/Projects/ALPR/ocr_model/eu1/train/CF058NS.jpg,CF058NS,eu,eu1,train
/Users/vladimir/Projects/ALPR/ocr_model/eu1/train/DE446EP.jpg,DE446EP,eu,eu1,train
/Users/vladimir/Projects/ALPR/ocr_model/eu1/train/BF283TX.png,BF283TX,eu,eu1,train
/Users/vladimir/Projects/ALPR/ocr_model/eu1/train/BN15858.png,BN15858,eu,eu1,train
/Users/vladimir/Projects/ALPR/ocr_model/eu1/train/VT884BP.png,VT884BP,eu,eu1,train
/Users/vladimir/Projects/ALPR/ocr_model/eu1/train/WW291DD.png,WW291DD,eu,eu1,train
/Users/vladimir/Projects/ALPR/ocr_model/eu1/train/CV594AF.png,CV594AF,eu,eu1,train
/Users/vladimir/Projects/ALPR/ocr_model/eu1/train/1484ZM30.png,1484ZM30,eu,eu1,train
/Users/vladimir/Projects/ALPR/ocr_model/eu1/train/B95GSV.png,B95GSV,eu,eu1,train
/Users/vladimir/Projects/ALPR/ocr_model/eu1/train/VN05SAK.png,VN05SAK,eu,eu1,train
/Users/vladimir/Projects/ALPR/ocr_model/eu1/train/DP933CD.jpg,DP933CD,eu,eu1,train
/Users/vladimir/Projects/ALPR/ocr_model/eu1/train/V5543EJ.png,V5543EJ,eu,eu1,train
/Users/vladimir/Projects/ALPR/ocr_model/eu1/train/ANCL550.png,ANCL550,eu,eu1,train
/Users/vladimir/Projects/ALPR/ocr_model/eu1/train/B577PRO.png,B577PRO,eu,eu1,train
/Users/vladimir/Projects/ALPR/ocr_model/eu1/train/B75MCY.png,B75MCY,eu,eu1,train
/Users/vladimir/Projects/ALPR/ocr_model/eu1/train/71TPR1.png,71TPR1,eu,eu1,train
/Users/vladimir/Projects/ALPR/ocr_model/eu1/train/SAN9689.png,SAN9689,eu,eu1,train
/Users/vladimir/Projects/ALPR/ocr_model/eu1/train/FR881CN.jpg,FR881CN,eu,eu1,train
/Users/vladimir/Projects/ALPR/ocr_model/eu1/train/TMD038.png,TMD038,eu,eu1,train
/Users/vladimir/Projects/ALPR/ocr_model/eu1/train/B97TWD_1.png,B97TWD,eu,eu1,train
/Users/vladimir/Projects/ALPR/ocr_model/eu1/train/EC010PW.jpg,EC010PW,eu,eu1,train
/Users/vladimir/Projects/ALPR/ocr_model/eu1/train/FP773DS.jpg,FP773DS,eu,eu1,train
/Users/vladimir/Projects/ALPR/ocr_model/eu1/train/FN536TH.jpg,FN536TH,eu,eu1,train
/Users/vladimir/Projects/ALPR/ocr_model/eu1/train/CJ447RV.jpg,CJ447RV,eu,eu1,train
/Users/vladimir/Projects/ALPR/ocr_model/eu1/train/FC337JE.jpg,FC337JE,eu,eu1,train
/Users/vladimir/Projects/ALPR/ocr_model/eu1/train/B320WTW_1.png,B320WTW,eu,eu1,train
/Users/vladimir/Projects/ALPR/ocr_model/eu1/train/FS100VH.jpg,FS100VH,eu,eu1,train
/Users/vladimir/Projects/ALPR/ocr_model/eu1/train/DP92OCN.png,DP92OCN,eu,eu1,train
/Users/vladimir/Projects/ALPR/ocr_model/eu1/train/DA424BH.png,DA424BH,eu,eu1,train
/Users/vladimir/Projects/ALPR/ocr_model/eu1/train/W0T560.png,W0T560,eu,eu1,train
/Users/vladimir/Projects/ALPR/ocr_model/eu1/train/BE259030_1.png,BE259030,eu,eu1,train
/Users/vladimir/Projects/ALPR/ocr_model/eu1/train/CG673BQ.jpg,CG673BQ,eu,eu1,train
/Users/vladimir/Projects/ALPR/ocr_model/eu1/train/9089TW22.jpg,9089TW22,eu,eu1,train
/Users/vladimir/Projects/ALPR/ocr_model/eu1/train/CE7569AT.png,CE7569AT,eu,eu1,train
/Users/vladimir/Projects/ALPR/ocr_model/eu1/train/VU455CG.png,VU455CG,eu,eu1,train
/Users/vladimir/Projects/ALPR/ocr_model/eu1/train/KRA99913.png,KRA99913,eu,eu1,train
/Users/vladimir/Projects/ALPR/ocr_model/eu1/train/SG1579.png,SG1579,eu,eu1,train
/Users/vladimir/Projects/ALPR/ocr_model/eu1/train/ESS1535.png,ESS1535,eu,eu1,train
/Users/vladimir/Projects/ALPR/ocr_model/eu1/train/SAP4686.png,SAP4686,eu,eu1,train
/Users/vladimir/Projects/ALPR/ocr_model/eu1/train/9551WA64.jpg,9551WA64,eu,eu1,train
/Users/vladimir/Projects/ALPR/ocr_model/eu1/train/779PRA75.jpg,779PRA75,eu,eu1,train
/Users/vladimir/Projects/ALPR/ocr_model/eu1/train/BJ814JR.jpg,BJ814JR,eu,eu1,train
/Users/vladimir/Projects/ALPR/ocr_model/eu1/train/J444CJW.png,J444CJW,eu,eu1,train
/Users/vladimir/Projects/ALPR/ocr_model/eu1/train/PUS142KP.png,PUS142KP,eu,eu1,train
/Users/vladimir/Projects/ALPR/ocr_model/eu1/train/CH366BX.jpg,CH366BX,eu,eu1,train
/Users/vladimir/Projects/ALPR/ocr_model/eu1/train/B98LPM.png,B98LPM,eu,eu1,train
/Users/vladimir/Projects/ALPR/ocr_model/eu1/train/BQ708GP.png,BQ708GP,eu,eu1,train
/Users/vladimir/Projects/ALPR/ocr_model/eu1/train/TR95XMI_2.png,TR95XMI,eu,eu1,train
/Users/vladimir/Projects/ALPR/ocr_model/eu1/train/AE335VY.jpg,AE335VY,eu,eu1,train
/Users/vladimir/Projects/ALPR/ocr_model/eu1/train/103YC68.jpg,103YC68,eu,eu1,train
/Users/vladimir/Projects/ALPR/ocr_model/eu1/train/B311ALY_1.png,B311ALY,eu,eu1,train
/Users/vladimir/Projects/ALPR/ocr_model/eu1/train/KC636D0.png,KC636D0,eu,eu1,train
/Users/vladimir/Projects/ALPR/ocr_model/eu1/train/G8360B.png,G8360B,eu,eu1,train
/Users/vladimir/Projects/ALPR/ocr_model/eu1/train/BP78222.png,BP78222,eu,eu1,train
/Users/vladimir/Projects/ALPR/ocr_model/eu1/train/BL315PX.png,BL315PX,eu,eu1,train
/Users/vladimir/Projects/ALPR/ocr_model/eu1/train/HKH2245.png,HKH2245,eu,eu1,train
/Users/vladimir/Projects/ALPR/ocr_model/eu1/train/72WFRV.png,72WFRV,eu,eu1,train
/Users/vladimir/Projects/ALPR/ocr_model/eu1/train/CY381NR.png,CY381NR,eu,eu1,train
/Users/vladimir/Projects/ALPR/ocr_model/eu1/train/B121PHD_1.png,B121PHD,eu,eu1,train
/Users/vladimir/Projects/ALPR/ocr_model/eu1/train/BLAM414.png,BLAM414,eu,eu1,train
/Users/vladimir/Projects/ALPR/ocr_model/eu1/train/N50IFSP_1.png,N50IFSP,eu,eu1,train
/Users/vladimir/Projects/ALPR/ocr_model/eu1/train/W386BX.png,W386BX,eu,eu1,train
/Users/vladimir/Projects/ALPR/ocr_model/eu1/train/IHN2783.png,IHN2783,eu,eu1,train
/Users/vladimir/Projects/ALPR/ocr_model/eu1/train/9JAG121_1.png,9JAG121,eu,eu1,train
/Users/vladimir/Projects/ALPR/ocr_model/eu1/train/EK034FF.jpg,EK034FF,eu,eu1,train
/Users/vladimir/Projects/ALPR/ocr_model/eu1/train/CQ159PK.jpg,CQ159PK,eu,eu1,train
/Users/vladimir/Projects/ALPR/ocr_model/eu1/train/AE014ZH.png,AE014ZH,eu,eu1,train
/Users/vladimir/Projects/ALPR/ocr_model/eu1/train/FS827VN.jpg,FS827VN,eu,eu1,train
/Users/vladimir/Projects/ALPR/ocr_model/eu1/train/HH07194.PNG,HH07194,eu,eu1,train
/Users/vladimir/Projects/ALPR/ocr_model/eu1/train/EV070QS.jpg,EV070QS,eu,eu1,train
/Users/vladimir/Projects/ALPR/ocr_model/eu1/train/B3456.png,B3456,eu,eu1,train
/Users/vladimir/Projects/ALPR/ocr_model/eu1/train/5483648.png,5483648,eu,eu1,train
/Users/vladimir/Projects/ALPR/ocr_model/eu1/train/DB48SCF.png,DB48SCF,eu,eu1,train
/Users/vladimir/Projects/ALPR/ocr_model/eu1/train/EYA4798_1.png,EYA4798,eu,eu1,train
/Users/vladimir/Projects/ALPR/ocr_model/eu1/train/B96SXV.png,B96SXV,eu,eu1,train
/Users/vladimir/Projects/ALPR/ocr_model/eu1/train/DD256CG.jpg,DD256CG,eu,eu1,train
/Users/vladimir/Projects/ALPR/ocr_model/eu1/train/AP819FK.jpg,AP819FK,eu,eu1,train
/Users/vladimir/Projects/ALPR/ocr_model/eu1/train/TR05YPP_1.png,TR05YPP,eu,eu1,train
/Users/vladimir/Projects/ALPR/ocr_model/eu1/train/SMB2062.JPG,SMB2062,eu,eu1,train
/Users/vladimir/Projects/ALPR/ocr_model/eu1/train/M8822E.png,M8822E,eu,eu1,train
/Users/vladimir/Projects/ALPR/ocr_model/eu1/train/CT401KB.jpg,CT401KB,eu,eu1,train
/Users/vladimir/Projects/ALPR/ocr_model/eu1/train/EZ393CA.jpg,EZ393CA,eu,eu1,train
/Users/vladimir/Projects/ALPR/ocr_model/eu1/train/AZ998DA.png,AZ998DA,eu,eu1,train
/Users/vladimir/Projects/ALPR/ocr_model/eu1/train/BS45640.png,BS45640,eu,eu1,train
/Users/vladimir/Projects/ALPR/ocr_model/eu1/train/9348BN.png,9348BN,eu,eu1,train
/Users/vladimir/Projects/ALPR/ocr_model/eu1/train/L7855.png,L7855,eu,eu1,train
/Users/vladimir/Projects/ALPR/ocr_model/eu1/train/FP193RQ.jpg,FP193RQ,eu,eu1,train
/Users/vladimir/Projects/ALPR/ocr_model/eu1/train/J68M017.png,J68M017,eu,eu1,train
/Users/vladimir/Projects/ALPR/ocr_model/eu1/train/FM971LJ.jpg,FM971LJ,eu,eu1,train
/Users/vladimir/Projects/ALPR/ocr_model/eu1/train/KKA9052.png,KKA9052,eu,eu1,train
/Users/vladimir/Projects/ALPR/ocr_model/eu1/train/QJ9905.png,QJ9905,eu,eu1,train
/Users/vladimir/Projects/ALPR/ocr_model/eu1/train/PG589G.JPG,PG589G,eu,eu1,train
/Users/vladimir/Projects/ALPR/ocr_model/eu1/train/B90MYU.png,B90MYU,eu,eu1,train
/Users/vladimir/Projects/ALPR/ocr_model/eu1/train/B121NCA.png,B121NCA,eu,eu1,train
/Users/vladimir/Projects/ALPR/ocr_model/eu1/train/AA601DQ.png,AA601DQ,eu,eu1,train
/Users/vladimir/Projects/ALPR/ocr_model/eu1/train/RSK806.png,RSK806,eu,eu1,train
/Users/vladimir/Projects/ALPR/ocr_model/eu1/train/GB55CMW.png,GB55CMW,eu,eu1,train
/Users/vladimir/Projects/ALPR/ocr_model/eu1/train/XNP5042.png,XNP5042,eu,eu1,train
/Users/vladimir/Projects/ALPR/ocr_model/eu1/train/VA6811T.png,VA6811T,eu,eu1,train
/Users/vladimir/Projects/ALPR/ocr_model/eu1/train/BM563AP.png,BM563AP,eu,eu1,train
/Users/vladimir/Projects/ALPR/ocr_model/eu1/train/AP645VY.jpg,AP645VY,eu,eu1,train
/Users/vladimir/Projects/ALPR/ocr_model/eu1/train/BA493MK.png,BA493MK,eu,eu1,train
/Users/vladimir/Projects/ALPR/ocr_model/eu1/train/MVL422.png,MVL422,eu,eu1,train
/Users/vladimir/Projects/ALPR/ocr_model/eu1/train/PP52889.png,PP52889,eu,eu1,train
/Users/vladimir/Projects/ALPR/ocr_model/eu1/train/ROWCQ66.png,ROWCQ66,eu,eu1,train
/Users/vladimir/Projects/ALPR/ocr_model/eu1/train/MUO003.png,MUO003,eu,eu1,train
/Users/vladimir/Projects/ALPR/ocr_model/eu1/train/B69SXV.png,B69SXV,eu,eu1,train
/Users/vladimir/Projects/ALPR/ocr_model/eu1/train/CC221PK.jpg,CC221PK,eu,eu1,train
/Users/vladimir/Projects/ALPR/ocr_model/eu1/train/SYK63.png,SYK63,eu,eu1,train
/Users/vladimir/Projects/ALPR/ocr_model/eu1/train/BC081WH.png,BC081WH,eu,eu1,train
/Users/vladimir/Projects/ALPR/ocr_model/eu1/train/BB128ZB.jpg,BB128ZB,eu,eu1,train
/Users/vladimir/Projects/ALPR/ocr_model/eu1/train/GAJ169.JPG,GAJ169,eu,eu1,train
/Users/vladimir/Projects/ALPR/ocr_model/eu1/train/FP494ML.jpg,FP494ML,eu,eu1,train
/Users/vladimir/Projects/ALPR/ocr_model/eu1/train/97WW755.png,97WW755,eu,eu1,train
/Users/vladimir/Projects/ALPR/ocr_model/eu1/train/BG19517.png,BG19517,eu,eu1,train
/Users/vladimir/Projects/ALPR/ocr_model/eu1/train/ZZ7099.png,ZZ7099,eu,eu1,train
/Users/vladimir/Projects/ALPR/ocr_model/eu1/train/HHRD41.JPG,HHRD41,eu,eu1,train
/Users/vladimir/Projects/ALPR/ocr_model/eu1/train/KWG107.png,KWG107,eu,eu1,train
/Users/vladimir/Projects/ALPR/ocr_model/eu1/train/IF05TAC.png,IF05TAC,eu,eu1,train
/Users/vladimir/Projects/ALPR/ocr_model/eu1/train/VD454490.png,VD454490,eu,eu1,train
/Users/vladimir/Projects/ALPR/ocr_model/eu1/train/04KY53I2.png,04KY53I2,eu,eu1,train
/Users/vladimir/Projects/ALPR/ocr_model/eu1/train/LJFJ551.png,LJFJ551,eu,eu1,train
/Users/vladimir/Projects/ALPR/ocr_model/eu1/train/ESCM1106.png,ESCM1106,eu,eu1,train
/Users/vladimir/Projects/ALPR/ocr_model/eu1/train/CE8670AX.png,CE8670AX,eu,eu1,train
/Users/vladimir/Projects/ALPR/ocr_model/eu1/train/EJ494BR.png,EJ494BR,eu,eu1,train
/Users/vladimir/Projects/ALPR/ocr_model/eu1/train/G803IA.png,G803IA,eu,eu1,train
/Users/vladimir/Projects/ALPR/ocr_model/eu1/train/75XNH3.png,75XNH3,eu,eu1,train
/Users/vladimir/Projects/ALPR/ocr_model/eu1/train/IF18YMH_1.png,IF18YMH,eu,eu1,train
/Users/vladimir/Projects/ALPR/ocr_model/eu1/train/BA884XN.jpg,BA884XN,eu,eu1,train
/Users/vladimir/Projects/ALPR/ocr_model/eu1/train/B144MOS.png,B144MOS,eu,eu1,train
/Users/vladimir/Projects/ALPR/ocr_model/eu1/train/SH36423.png,SH36423,eu,eu1,train
/Users/vladimir/Projects/ALPR/ocr_model/eu1/train/M9852.png,M9852,eu,eu1,train
/Users/vladimir/Projects/ALPR/ocr_model/eu1/train/ZE264F0.png,ZE264F0,eu,eu1,train
/Users/vladimir/Projects/ALPR/ocr_model/eu1/train/FS280FV.jpg,FS280FV,eu,eu1,train
/Users/vladimir/Projects/ALPR/ocr_model/eu1/train/VSAV88.png,VSAV88,eu,eu1,train
/Users/vladimir/Projects/ALPR/ocr_model/eu1/train/AA252WS.jpg,AA252WS,eu,eu1,train
/Users/vladimir/Projects/ALPR/ocr_model/eu1/train/AA508ST.png,AA508ST,eu,eu1,train
/Users/vladimir/Projects/ALPR/ocr_model/eu1/train/1500WD68.jpg,1500WD68,eu,eu1,train
/Users/vladimir/Projects/ALPR/ocr_model/eu1/train/9EBT002.png,9EBT002,eu,eu1,train
/Users/vladimir/Projects/ALPR/ocr_model/eu1/train/NTH299.png,NTH299,eu,eu1,train
/Users/vladimir/Projects/ALPR/ocr_model/eu1/train/QBY384.png,QBY384,eu,eu1,train
/Users/vladimir/Projects/ALPR/ocr_model/eu1/train/GBR00F1.png,GBR00F1,eu,eu1,train
/Users/vladimir/Projects/ALPR/ocr_model/eu1/train/TR05RBG.png,TR05RBG,eu,eu1,train
/Users/vladimir/Projects/ALPR/ocr_model/eu1/train/BW716WH.jpg,BW716WH,eu,eu1,train
/Users/vladimir/Projects/ALPR/ocr_model/eu1/train/3H360E.png,3H360E,eu,eu1,train
/Users/vladimir/Projects/ALPR/ocr_model/eu1/train/FK682NW.jpg,FK682NW,eu,eu1,train
/Users/vladimir/Projects/ALPR/ocr_model/eu1/train/INA6310.JPG,INA6310,eu,eu1,train
/Users/vladimir/Projects/ALPR/ocr_model/eu1/train/AH595PC.png,AH595PC,eu,eu1,train
/Users/vladimir/Projects/ALPR/ocr_model/eu1/train/B176WOW.png,B176WOW,eu,eu1,train
/Users/vladimir/Projects/ALPR/ocr_model/eu1/train/515ND70.jpg,515ND70,eu,eu1,train
/Users/vladimir/Projects/ALPR/ocr_model/eu1/train/CA6183BS.png,CA6183BS,eu,eu1,train
/Users/vladimir/Projects/ALPR/ocr_model/eu1/train/DB999EM.jpg,DB999EM,eu,eu1,train
/Users/vladimir/Projects/ALPR/ocr_model/eu1/train/CK80068.png,CK80068,eu,eu1,train
/Users/vladimir/Projects/ALPR/ocr_model/eu1/train/RK131F.png,RK131F,eu,eu1,train
/Users/vladimir/Projects/ALPR/ocr_model/eu1/train/SR15395.png,SR15395,eu,eu1,train
/Users/vladimir/Projects/ALPR/ocr_model/eu1/train/SGO2508.png,SGO2508,eu,eu1,train
/Users/vladimir/Projects/ALPR/ocr_model/eu1/train/BT091WZ.jpg,BT091WZ,eu,eu1,train
/Users/vladimir/Projects/ALPR/ocr_model/eu1/train/BS897PN.png,BS897PN,eu,eu1,train
/Users/vladimir/Projects/ALPR/ocr_model/eu1/train/EL156RR.jpg,EL156RR,eu,eu1,train
/Users/vladimir/Projects/ALPR/ocr_model/eu1/train/AL333SM.jpg,AL333SM,eu,eu1,train
/Users/vladimir/Projects/ALPR/ocr_model/eu1/train/DB749GD.jpg,DB749GD,eu,eu1,train
/Users/vladimir/Projects/ALPR/ocr_model/eu1/train/BIA3IGJ.png,BIA3IGJ,eu,eu1,train
/Users/vladimir/Projects/ALPR/ocr_model/eu1/train/BL374RT.png,BL374RT,eu,eu1,train
/Users/vladimir/Projects/ALPR/ocr_model/eu1/train/FF252ND.jpg,FF252ND,eu,eu1,train
/Users/vladimir/Projects/ALPR/ocr_model/eu1/train/EP396QP.jpg,EP396QP,eu,eu1,train
/Users/vladimir/Projects/ALPR/ocr_model/eu1/train/ACJ1698.png,ACJ1698,eu,eu1,train
/Users/vladimir/Projects/ALPR/ocr_model/eu1/train/FS028DP.jpg,FS028DP,eu,eu1,train
/Users/vladimir/Projects/ALPR/ocr_model/eu1/train/RI475KM.png,RI475KM,eu,eu1,train
/Users/vladimir/Projects/ALPR/ocr_model/eu1/train/FS153BW.jpg,FS153BW,eu,eu1,train
/Users/vladimir/Projects/ALPR/ocr_model/eu1/train/9A911D.png,9A911D,eu,eu1,train
/Users/vladimir/Projects/ALPR/ocr_model/eu1/train/MD484DO.png,MD484DO,eu,eu1,train
/Users/vladimir/Projects/ALPR/ocr_model/eu1/train/FC768JZ.jpg,FC768JZ,eu,eu1,train
/Users/vladimir/Projects/ALPR/ocr_model/eu1/train/7418ZE25.jpg,7418ZE25,eu,eu1,train
/Users/vladimir/Projects/ALPR/ocr_model/eu1/train/BJ202ZP.jpg,BJ202ZP,eu,eu1,train
/Users/vladimir/Projects/ALPR/ocr_model/eu1/train/6935XY64.jpg,6935XY64,eu,eu1,train
/Users/vladimir/Projects/ALPR/ocr_model/eu1/train/B449AP.png,B449AP,eu,eu1,train
/Users/vladimir/Projects/ALPR/ocr_model/eu1/train/50KZ08.png,50KZ08,eu,eu1,train
/Users/vladimir/Projects/ALPR/ocr_model/eu1/train/BK678YW.jpg,BK678YW,eu,eu1,train
/Users/vladimir/Projects/ALPR/ocr_model/eu1/train/CK7A1DT.png,CK7A1DT,eu,eu1,train
/Users/vladimir/Projects/ALPR/ocr_model/eu1/train/AA1399B0.png,AA1399B0,eu,eu1,train
/Users/vladimir/Projects/ALPR/ocr_model/eu1/train/3956ZJ68.jpg,3956ZJ68,eu,eu1,train
/Users/vladimir/Projects/ALPR/ocr_model/eu1/train/FOW653.png,FOW653,eu,eu1,train
/Users/vladimir/Projects/ALPR/ocr_model/eu1/train/B57RCH.png,B57RCH,eu,eu1,train
/Users/vladimir/Projects/ALPR/ocr_model/eu1/train/B839HAR.png,B839HAR,eu,eu1,train
/Users/vladimir/Projects/ALPR/ocr_model/eu1/train/HROD819.JPG,HROD819,eu,eu1,train
/Users/vladimir/Projects/ALPR/ocr_model/eu1/train/DY323ZC.jpg,DY323ZC,eu,eu1,train
/Users/vladimir/Projects/ALPR/ocr_model/eu1/train/MF01444.png,MF01444,eu,eu1,train
/Users/vladimir/Projects/ALPR/ocr_model/eu1/train/2330GY90.jpg,2330GY90,eu,eu1,train
/Users/vladimir/Projects/ALPR/ocr_model/eu1/train/1131XD29.jpg,1131XD29,eu,eu1,train
/Users/vladimir/Projects/ALPR/ocr_model/eu1/train/CE683HR.png,CE683HR,eu,eu1,train
/Users/vladimir/Projects/ALPR/ocr_model/eu1/train/BW2172.png,BW2172,eu,eu1,train
/Users/vladimir/Projects/ALPR/ocr_model/eu1/train/BM040RK.jpg,BM040RK,eu,eu1,train
/Users/vladimir/Projects/ALPR/ocr_model/eu1/train/W304JF.jpg,W304JF,eu,eu1,train
/Users/vladimir/Projects/ALPR/ocr_model/eu1/train/FD347FH.jpg,FD347FH,eu,eu1,train
/Users/vladimir/Projects/ALPR/ocr_model/eu1/train/SH36423_1.png,SH36423,eu,eu1,train
/Users/vladimir/Projects/ALPR/ocr_model/eu1/train/GS049NP.png,GS049NP,eu,eu1,train
/Users/vladimir/Projects/ALPR/ocr_model/eu1/train/EL493LK.jpg,EL493LK,eu,eu1,train
/Users/vladimir/Projects/ALPR/ocr_model/eu1/val/EX707HV.jpg,EX707HV,eu,eu1,val
/Users/vladimir/Projects/ALPR/ocr_model/eu1/val/B68SPK_1.png,B68SPK,eu,eu1,val
/Users/vladimir/Projects/ALPR/ocr_model/eu1/val/6B90049.png,6B90049,eu,eu1,val
/Users/vladimir/Projects/ALPR/ocr_model/eu1/val/DH605TQ.jpg,DH605TQ,eu,eu1,val
/Users/vladimir/Projects/ALPR/ocr_model/eu1/val/SWR104.png,SWR104,eu,eu1,val
/Users/vladimir/Projects/ALPR/ocr_model/eu1/val/FD2107H.png,FD2107H,eu,eu1,val
/Users/vladimir/Projects/ALPR/ocr_model/eu1/val/SDS7201.png,SDS7201,eu,eu1,val
/Users/vladimir/Projects/ALPR/ocr_model/eu1/val/B69BMA.png,B69BMA,eu,eu1,val
/Users/vladimir/Projects/ALPR/ocr_model/eu1/val/FC950FN.jpg,FC950FN,eu,eu1,val
/Users/vladimir/Projects/ALPR/ocr_model/eu1/val/9R0Y888.png,9R0Y888,eu,eu1,val
/Users/vladimir/Projects/ALPR/ocr_model/eu1/val/BC996AA.jpg,BC996AA,eu,eu1,val
/Users/vladimir/Projects/ALPR/ocr_model/eu1/val/CS229EP.jpg,CS229EP,eu,eu1,val
/Users/vladimir/Projects/ALPR/ocr_model/eu1/val/SBS60.png,SBS60,eu,eu1,val
/Users/vladimir/Projects/ALPR/ocr_model/eu1/val/LJDALU04.png,LJDALU04,eu,eu1,val
/Users/vladimir/Projects/ALPR/ocr_model/eu1/val/CT038ZN_1.png,CT038ZN,eu,eu1,val
/Users/vladimir/Projects/ALPR/ocr_model/eu1/val/BP27305.png,BP27305,eu,eu1,val
/Users/vladimir/Projects/ALPR/ocr_model/eu1/val/PZ819CF.png,PZ819CF,eu,eu1,val
/Users/vladimir/Projects/ALPR/ocr_model/eu1/val/BV445NZ.png,BV445NZ,eu,eu1,val
/Users/vladimir/Projects/ALPR/ocr_model/eu1/val/B0I9374.png,B0I9374,eu,eu1,val
/Users/vladimir/Projects/ALPR/ocr_model/eu1/val/B61RCV.png,B61RCV,eu,eu1,val
/Users/vladimir/Projects/ALPR/ocr_model/eu1/val/ED412RZ.jpg,ED412RZ,eu,eu1,val
/Users/vladimir/Projects/ALPR/ocr_model/eu1/val/ER140CY.jpg,ER140CY,eu,eu1,val
/Users/vladimir/Projects/ALPR/ocr_model/eu1/val/N50IFSP.png,N50IFSP,eu,eu1,val
/Users/vladimir/Projects/ALPR/ocr_model/eu1/val/812AYS06.jpg,812AYS06,eu,eu1,val
/Users/vladimir/Projects/ALPR/ocr_model/eu1/val/BC542TT.jpg,BC542TT,eu,eu1,val
/Users/vladimir/Projects/ALPR/ocr_model/eu1/val/CV997FW.jpg,CV997FW,eu,eu1,val
/Users/vladimir/Projects/ALPR/ocr_model/eu1/val/EH003HT.jpg,EH003HT,eu,eu1,val
/Users/vladimir/Projects/ALPR/ocr_model/eu1/val/DB001AX.jpg,DB001AX,eu,eu1,val
/Users/vladimir/Projects/ALPR/ocr_model/eu1/val/97M03901.png,97M03901,eu,eu1,val
/Users/vladimir/Projects/ALPR/ocr_model/eu1/val/SJJ201.png,SJJ201,eu,eu1,val
/Users/vladimir/Projects/ALPR/ocr_model/eu1/val/41JA34.png,41JA34,eu,eu1,val
/Users/vladimir/Projects/ALPR/ocr_model/eu1/val/LBXI1024.png,LBXI1024,eu,eu1,val
/Users/vladimir/Projects/ALPR/ocr_model/eu1/val/MH04RDO.png,MH04RDO,eu,eu1,val
/Users/vladimir/Projects/ALPR/ocr_model/eu1/val/MDT5157.JPG,MDT5157,eu,eu1,val
/Users/vladimir/Projects/ALPR/ocr_model/eu1/val/THW82986.png,THW82986,eu,eu1,val
/Users/vladimir/Projects/ALPR/ocr_model/eu1/val/6923HJ2B.png,6923HJ2B,eu,eu1,val
/Users/vladimir/Projects/ALPR/ocr_model/eu1/val/G866969.png,G866969,eu,eu1,val
/Users/vladimir/Projects/ALPR/ocr_model/eu1/val/SMC9348.JPG,SMC9348,eu,eu1,val
/Users/vladimir/Projects/ALPR/ocr_model/eu1/val/RE648AE.png,RE648AE,eu,eu1,val
/Users/vladimir/Projects/ALPR/ocr_model/eu1/val/G1457B_1.png,G1457B,eu,eu1,val
/Users/vladimir/Projects/ALPR/ocr_model/eu1/val/FR199739_1.png,FR199739,eu,eu1,val
/Users/vladimir/Projects/ALPR/ocr_model/eu1/val/WUDY993.JPG,WUDY993,eu,eu1,val
/Users/vladimir/Projects/ALPR/ocr_model/eu1/val/LAKE10.png,LAKE10,eu,eu1,val
/Users/vladimir/Projects/ALPR/ocr_model/eu1/val/B201TXM.png,B201TXM,eu,eu1,val
/Users/vladimir/Projects/ALPR/ocr_model/eu1/val/MKY7195.png,MKY7195,eu,eu1,val
/Users/vladimir/Projects/ALPR/ocr_model/eu1/val/CJ241TB.jpg,CJ241TB,eu,eu1,val
/Users/vladimir/Projects/ALPR/ocr_model/eu1/val/1QAF050.png,1QAF050,eu,eu1,val
/Users/vladimir/Projects/ALPR/ocr_model/eu1/val/SEF311.png,SEF311,eu,eu1,val
/Users/vladimir/Projects/ALPR/ocr_model/eu1/val/BA006NR.png,BA006NR,eu,eu1,val
/Users/vladimir/Projects/ALPR/ocr_model/eu1/val/BR07AAC_2.png,BR07AAC,eu,eu1,val
/Users/vladimir/Projects/ALPR/ocr_model/eu1/val/ER401KA.jpg,ER401KA,eu,eu1,val
/Users/vladimir/Projects/ALPR/ocr_model/eu1/val/TG80229.png,TG80229,eu,eu1,val
/Users/vladimir/Projects/ALPR/ocr_model/eu1/val/353ASK35.jpg,353ASK35,eu,eu1,val
/Users/vladimir/Projects/ALPR/ocr_model/eu1/val/UOU695.png,UOU695,eu,eu1,val
/Users/vladimir/Projects/ALPR/ocr_model/eu1/val/FH414PP.jpg,FH414PP,eu,eu1,val
/Users/vladimir/Projects/ALPR/ocr_model/eu1/val/AY673JT.jpg,AY673JT,eu,eu1,val
/Users/vladimir/Projects/ALPR/ocr_model/eu1/val/IBZ4185.png,IBZ4185,eu,eu1,val
/Users/vladimir/Projects/ALPR/ocr_model/eu1/val/ESDD406.png,ESDD406,eu,eu1,val
/Users/vladimir/Projects/ALPR/ocr_model/eu1/val/6402VH25.jpg,6402VH25,eu,eu1,val
/Users/vladimir/Projects/ALPR/ocr_model/eu1/val/CR804HW.png,CR804HW,eu,eu1,val
/Users/vladimir/Projects/ALPR/ocr_model/eu1/val/NMA9007.png,NMA9007,eu,eu1,val
/Users/vladimir/Projects/ALPR/ocr_model/eu1/val/FS244GP.jpg,FS244GP,eu,eu1,val
/Users/vladimir/Projects/ALPR/ocr_model/eu1/val/SG1153U.png,SG1153U,eu,eu1,val
/Users/vladimir/Projects/ALPR/ocr_model/eu1/val/FR452RD.jpg,FR452RD,eu,eu1,val
/Users/vladimir/Projects/ALPR/ocr_model/eu1/val/DKL5E12.png,DKL5E12,eu,eu1,val
/Users/vladimir/Projects/ALPR/ocr_model/eu1/val/MA5320AZ.png,MA5320AZ,eu,eu1,val
/Users/vladimir/Projects/ALPR/ocr_model/eu1/val/ZDT923_1.png,ZDT923,eu,eu1,val
/Users/vladimir/Projects/ALPR/ocr_model/eu1/val/G2274D.png,G2274D,eu,eu1,val
/Users/vladimir/Projects/ALPR/ocr_model/eu1/val/B97TWD.png,B97TWD,eu,eu1,val
/Users/vladimir/Projects/ALPR/ocr_model/eu1/val/5126HVL.png,5126HVL,eu,eu1,val
/Users/vladimir/Projects/ALPR/ocr_model/eu1/val/B121PHD.png,B121PHD,eu,eu1,val
/Users/vladimir/Projects/ALPR/ocr_model/eu1/val/SK560DP.png,SK560DP,eu,eu1,val
/Users/vladimir/Projects/ALPR/ocr_model/eu1/val/WD84851.png,WD84851,eu,eu1,val
/Users/vladimir/Projects/ALPR/ocr_model/eu1/val/CO2701AV.png,CO2701AV,eu,eu1,val
/Users/vladimir/Projects/ALPR/ocr_model/eu1/test/B961TAG.png,B961TAG,eu,eu1,test
/Users/vladimir/Projects/ALPR/ocr_model/eu1/test/CX408PX.jpg,CX408PX,eu,eu1,test
/Users/vladimir/Projects/ALPR/ocr_model/eu1/test/IICE3083.png,IICE3083,eu,eu1,test
/Users/vladimir/Projects/ALPR/ocr_model/eu1/test/EM727PD.jpg,EM727PD,eu,eu1,test
/Users/vladimir/Projects/ALPR/ocr_model/eu1/test/DANKE82.png,DANKE82,eu,eu1,test
/Users/vladimir/Projects/ALPR/ocr_model/eu1/test/LBHT71.png,LBHT71,eu,eu1,test
/Users/vladimir/Projects/ALPR/ocr_model/eu1/test/FS633TK.jpg,FS633TK,eu,eu1,test
/Users/vladimir/Projects/ALPR/ocr_model/eu1/test/I008646.png,I008646,eu,eu1,test
/Users/vladimir/Projects/ALPR/ocr_model/eu1/test/B96SXV_1.png,B96SXV,eu,eu1,test
/Users/vladimir/Projects/ALPR/ocr_model/eu1/test/CM101LW.png,CM101LW,eu,eu1,test
/Users/vladimir/Projects/ALPR/ocr_model/eu1/test/BZ310SW.jpg,BZ310SW,eu,eu1,test
/Users/vladimir/Projects/ALPR/ocr_model/eu1/test/ES484LJ.jpg,ES484LJ,eu,eu1,test
/Users/vladimir/Projects/ALPR/ocr_model/eu1/test/AB323VJ.png,AB323VJ,eu,eu1,test
/Users/vladimir/Projects/ALPR/ocr_model/eu1/test/FC882MC.jpg,FC882MC,eu,eu1,test
/Users/vladimir/Projects/ALPR/ocr_model/eu1/test/FL986ZT.jpg,FL986ZT,eu,eu1,test
/Users/vladimir/Projects/ALPR/ocr_model/eu1/test/VS236891_1.png,VS236891,eu,eu1,test
/Users/vladimir/Projects/ALPR/ocr_model/eu1/test/DRP375.png,DRP375,eu,eu1,test
/Users/vladimir/Projects/ALPR/ocr_model/eu1/test/34EN9199.png,34EN9199,eu,eu1,test
/Users/vladimir/Projects/ALPR/ocr_model/eu1/test/MH49XK.png,MH49XK,eu,eu1,test
/Users/vladimir/Projects/ALPR/ocr_model/eu1/test/FR697HF.jpg,FR697HF,eu,eu1,test
/Users/vladimir/Projects/ALPR/ocr_model/eu1/test/BA999ZZ.png,BA999ZZ,eu,eu1,test
/Users/vladimir/Projects/ALPR/ocr_model/eu1/test/AC508V.png,AC508V,eu,eu1,test
/Users/vladimir/Projects/ALPR/ocr_model/eu1/test/BM602BT.png,BM602BT,eu,eu1,test
/Users/vladimir/Projects/ALPR/ocr_model/eu1/test/8427XX29.jpg,8427XX29,eu,eu1,test
/Users/vladimir/Projects/ALPR/ocr_model/eu1/test/5888881.png,5888881,eu,eu1,test
/Users/vladimir/Projects/ALPR/ocr_model/eu1/test/N1966.png,N1966,eu,eu1,test
/Users/vladimir/Projects/ALPR/ocr_model/eu1/test/5B40001.png,5B40001,eu,eu1,test
/Users/vladimir/Projects/ALPR/ocr_model/eu1/test/YB75711.png,YB75711,eu,eu1,test
/Users/vladimir/Projects/ALPR/ocr_model/eu1/test/AX128FT.png,AX128FT,eu,eu1,test
/Users/vladimir/Projects/ALPR/ocr_model/eu1/test/EQ725QJ.jpg,EQ725QJ,eu,eu1,test
/Users/vladimir/Projects/ALPR/ocr_model/eu1/test/SPR911.JPG,SPR911,eu,eu1,test
/Users/vladimir/Projects/ALPR/ocr_model/eu1/test/EJQ588.png,EJQ588,eu,eu1,test
/Users/vladimir/Projects/ALPR/ocr_model/eu1/test/55SG53.jpg,55SG53,eu,eu1,test
/Users/vladimir/Projects/ALPR/ocr_model/eu1/test/KYM3141.png,KYM3141,eu,eu1,test
/Users/vladimir/Projects/ALPR/ocr_model/eu1/test/75N1960G.png,75N1960G,eu,eu1,test
/Users/vladimir/Projects/ALPR/ocr_model/eu1/test/5658YA22.jpg,5658YA22,eu,eu1,test
/Users/vladimir/Projects/ALPR/ocr_model/eu1/test/B13GWF.png,B13GWF,eu,eu1,test
/Users/vladimir/Projects/ALPR/ocr_model/eu1/test/H864JGM.png,H864JGM,eu,eu1,test
/Users/vladimir/Projects/ALPR/ocr_model/eu1/test/PI36KOG.png,PI36KOG,eu,eu1,test
/Users/vladimir/Projects/ALPR/ocr_model/eu1/test/ESCC690.png,ESCC690,eu,eu1,test
/Users/vladimir/Projects/ALPR/ocr_model/eu1/test/381ATK83_1.png,381ATK83,eu,eu1,test
/Users/vladimir/Projects/ALPR/ocr_model/eu1/test/B225RTK.png,B225RTK,eu,eu1,test
/Users/vladimir/Projects/ALPR/ocr_model/eu1/test/BL33635.png,BL33635,eu,eu1,test
/Users/vladimir/Projects/ALPR/ocr_model/eu1/test/Z3010AZ.png,Z3010AZ,eu,eu1,test
/Users/vladimir/Projects/ALPR/ocr_model/eu1/test/CN498JC.png,CN498JC,eu,eu1,test
/Users/vladimir/Projects/ALPR/ocr_model/eu1/test/WW921MX.jpg,WW921MX,eu,eu1,test
/Users/vladimir/Projects/ALPR/ocr_model/eu1/test/ZU295AJ.png,ZU295AJ,eu,eu1,test
/Users/vladimir/Projects/ALPR/ocr_model/eu1/test/VI496AN.png,VI496AN,eu,eu1,test
/Users/vladimir/Projects/ALPR/ocr_model/eu1/test/LYF277.png,LYF277,eu,eu1,test
/Users/vladimir/Projects/ALPR/ocr_model/eu1/test/WANNE685.JPG,WANNE685,eu,eu1,test
/Users/vladimir/Projects/ALPR/ocr_model/eu1/test/CV194VA.jpg,CV194VA,eu,eu1,test
/Users/vladimir/Projects/ALPR/ocr_model/eu1/test/SLF9995.png,SLF9995,eu,eu1,test
/Users/vladimir/Projects/ALPR/ocr_model/eu1/test/CY726SV.jpg,CY726SV,eu,eu1,test
/Users/vladimir/Projects/ALPR/ocr_model/eu1/test/ANAL334.png,ANAL334,eu,eu1,test
/Users/vladimir/Projects/ALPR/ocr_model/eu1/test/CK0511.png,CK0511,eu,eu1,test
/Users/vladimir/Projects/ALPR/ocr_model/eu1/test/B21GSB.png,B21GSB,eu,eu1,test
/Users/vladimir/Projects/ALPR/ocr_model/eu1/test/FF788NK.jpg,FF788NK,eu,eu1,test
/Users/vladimir/Projects/ALPR/ocr_model/eu1/test/BL654BP.png,BL654BP,eu,eu1,test
/Users/vladimir/Projects/ALPR/ocr_model/eu1/test/TR95XMI_1.png,TR95XMI,eu,eu1,test
/Users/vladimir/Projects/ALPR/ocr_model/eu1/test/AE330NJ.jpg,AE330NJ,eu,eu1,test
/Users/vladimir/Projects/ALPR/ocr_model/eu1/test/SG49711.png,SG49711,eu,eu1,test
/Users/vladimir/Projects/ALPR/ocr_model/eu1/test/2348XR25.jpg,2348XR25,eu,eu1,test
/Users/vladimir/Projects/ALPR/ocr_model/eu1/test/EH577PH.jpg,EH577PH,eu,eu1,test
/Users/vladimir/Projects/ALPR/ocr_model/eu1/test/AL193VP.jpg,AL193VP,eu,eu1,test
/Users/vladimir/Projects/ALPR/ocr_model/eu1/test/KA761ET.png,KA761ET,eu,eu1,test
/Users/vladimir/Projects/ALPR/ocr_model/eu1/test/GB1ECB.png,GB1ECB,eu,eu1,test
/Users/vladimir/Projects/ALPR/ocr_model/eu1/test/1033IR.png,1033IR,eu,eu1,test
/Users/vladimir/Projects/ALPR/ocr_model/eu1/test/HDNE8880.png,HDNE8880,eu,eu1,test
/Users/vladimir/Projects/ALPR/ocr_model/eu1/test/KZ746AR.png,KZ746AR,eu,eu1,test
/Users/vladimir/Projects/ALPR/ocr_model/eu1/test/MWWK908.png,MWWK908,eu,eu1,test
/Users/vladimir/Projects/ALPR/ocr_model/eu1/test/WW697BH.jpg,WW697BH,eu,eu1,test
/Users/vladimir/Projects/ALPR/ocr_model/eu1/test/FP786YF.jpg,FP786YF,eu,eu1,test
/Users/vladimir/Projects/ALPR/ocr_model/eu1/test/PH20CNP.png,PH20CNP,eu,eu1,test
/Users/vladimir/Projects/ALPR/ocr_model/eu2/crops/test_065.jpg,4BO4979,eu,eu2,
/Users/vladimir/Projects/ALPR/ocr_model/eu2/crops/test_071.jpg,1Z75233,eu,eu2,
/Users/vladimir/Projects/ALPR/ocr_model/eu2/crops/test_059.jpg,BA302OZ,eu,eu2,
/Users/vladimir/Projects/ALPR/ocr_model/eu2/crops/test_058.jpg,RK485AF,eu,eu2,
/Users/vladimir/Projects/ALPR/ocr_model/eu2/crops/test_070.jpg,2T40211,eu,eu2,
/Users/vladimir/Projects/ALPR/ocr_model/eu2/crops/test_064.jpg,BZM2227,eu,eu2,
/Users/vladimir/Projects/ALPR/ocr_model/eu2/crops/test_072.jpg,4B39376,eu,eu2,
/Users/vladimir/Projects/ALPR/ocr_model/eu2/crops/test_066.jpg,BSE5579,eu,eu2,
/Users/vladimir/Projects/ALPR/ocr_model/eu2/crops/test_067.jpg,1B70440,eu,eu2,
/Users/vladimir/Projects/ALPR/ocr_model/eu2/crops/test_073.jpg,3B97236,eu,eu2,
/Users/vladimir/Projects/ALPR/ocr_model/eu2/crops/test_088.jpg,LM169AM,eu,eu2,
/Users/vladimir/Projects/ALPR/ocr_model/eu2/crops/test_077.jpg,RK735AS,eu,eu2,
/Users/vladimir/Projects/ALPR/ocr_model/eu2/crops/test_063.jpg,1B25790,eu,eu2,
/Users/vladimir/Projects/ALPR/ocr_model/eu2/crops/test_062.jpg,1B80338,eu,eu2,
/Users/vladimir/Projects/ALPR/ocr_model/eu2/crops/test_076.jpg,4B21875,eu,eu2,
/Users/vladimir/Projects/ALPR/ocr_model/eu2/crops/test_089.jpg,RK565AV,eu,eu2,
/Users/vladimir/Projects/ALPR/ocr_model/eu2/crops/eu8.jpg,WSQ3021,eu,eu2,
/Users/vladimir/Projects/ALPR/ocr_model/eu2/crops/test_048.jpg,RK161AG,eu,eu2,
/Users/vladimir/Projects/ALPR/ocr_model/eu2/crops/test_060.jpg,BA302OZ,eu,eu2,
/Users/vladimir/Projects/ALPR/ocr_model/eu2/crops/test_074.jpg,3B29485,eu,eu2,
/Users/vladimir/Projects/ALPR/ocr_model/eu2/crops/test_075.jpg,ZA834CO,eu,eu2,
/Users/vladimir/Projects/ALPR/ocr_model/eu2/crops/test_061.jpg,MT456BJ,eu,eu2,
/Users/vladimir/Projects/ALPR/ocr_model/eu2/crops/test_049.jpg,KMBORAK,eu,eu2,
/Users/vladimir/Projects/ALPR/ocr_model/eu2/crops/eu9.jpg,W053011,eu,eu2,
/Users/vladimir/Projects/ALPR/ocr_model/eu2/crops/test_006.jpg,RKO99AN,eu,eu2,
/Users/vladimir/Projects/ALPR/ocr_model/eu2/crops/test_012.jpg,RK291AT,eu,eu2,
/Users/vladimir/Projects/ALPR/ocr_model/eu2/crops/test_013.jpg,RK857AI,eu,eu2,
/Users/vladimir/Projects/ALPR/ocr_model/eu2/crops/test_007.jpg,RK828AG,eu,eu2,
/Users/vladimir/Projects/ALPR/ocr_model/eu2/crops/test_011.jpg,RK346AL,eu,eu2,
/Users/vladimir/Projects/ALPR/ocr_model/eu2/crops/test_005.jpg,TS260AK,eu,eu2,
/Users/vladimir/Projects/ALPR/ocr_model/eu2/crops/test_039.jpg,RK892AE,eu,eu2,
/Users/vladimir/Projects/ALPR/ocr_model/eu2/crops/test_038.jpg,RK340AO,eu,eu2,
/Users/vladimir/Projects/ALPR/ocr_model/eu2/crops/test_004.jpg,RK115AN,eu,eu2,
/Users/vladimir/Projects/ALPR/ocr_model/eu2/crops/test_010.jpg,RK248AH,eu,eu2,
/Users/vladimir/Projects/ALPR/ocr_model/eu2/crops/test_028.jpg,LM633BD,eu,eu2,
/Users/vladimir/Projects/ALPR/ocr_model/eu2/crops/test_014.jpg,RK576AH,eu,eu2,
/Users/vladimir/Projects/ALPR/ocr_model/eu2/crops/test_001.jpg,PP587AO,eu,eu2,
/Users/vladimir/Projects/ALPR/ocr_model/eu2/crops/test_015.jpg,RK019AF,eu,eu2,
/Users/vladimir/Projects/ALPR/ocr_model/eu2/crops/test_029.jpg,LM010BE,eu,eu2,
/Users/vladimir/Projects/ALPR/ocr_model/eu2/crops/test_003.jpg,SI819AK,eu,eu2,
/Users/vladimir/Projects/ALPR/ocr_model/eu2/crops/test_017.jpg,RK867AD,eu,eu2,
/Users/vladimir/Projects/ALPR/ocr_model/eu2/crops/test_016.jpg,BB751BH,eu,eu2,
/Users/vladimir/Projects/ALPR/ocr_model/eu2/crops/test_002.jpg,RK755AJ,eu,eu2,
/Users/vladimir/Projects/ALPR/ocr_model/eu2/crops/test_027.jpg,RK776AI,eu,eu2,
/Users/vladimir/Projects/ALPR/ocr_model/eu2/crops/test_033.jpg,RKO82AL,eu,eu2,
/Users/vladimir/Projects/ALPR/ocr_model/eu2/crops/test_032.jpg,RK763AS,eu,eu2,
/Users/vladimir/Projects/ALPR/ocr_model/eu2/crops/test_026.jpg,RK492AU,eu,eu2,
/Users/vladimir/Projects/ALPR/ocr_model/eu2/crops/eu11.jpg,BS47040,eu,eu2,
/Users/vladimir/Projects/ALPR/ocr_model/eu2/crops/test_030.jpg,RK819AM,eu,eu2,
/Users/vladimir/Projects/ALPR/ocr_model/eu2/crops/test_024.jpg,RKO26AJ,eu,eu2,
/Users/vladimir/Projects/ALPR/ocr_model/eu2/crops/test_018.jpg,RK884AL,eu,eu2,
/Users/vladimir/Projects/ALPR/ocr_model/eu2/crops/test_019.jpg,RK865AC,eu,eu2,
/Users/vladimir/Projects/ALPR/ocr_model/eu2/crops/test_025.jpg,RK896AO,eu,eu2,
/Users/vladimir/Projects/ALPR/ocr_model/eu2/crops/test_031.jpg,RK619AS,eu,eu2,
/Users/vladimir/Projects/ALPR/ocr_model/eu2/crops/eu10.jpg,WA56660,eu,eu2,
/Users/vladimir/Projects/ALPR/ocr_model/eu2/crops/test_009.jpg,1T43213,eu,eu2,
/Users/vladimir/Projects/ALPR/ocr_model/eu2/crops/test_035.jpg,BA738DE,eu,eu2,
/Users/vladimir/Projects/ALPR/ocr_model/eu2/crops/test_021.jpg,RK855AP,eu,eu2,
/Users/vladimir/Projects/ALPR/ocr_model/eu2/crops/test_020.jpg,RK906AJ,eu,eu2,
/Users/vladimir/Projects/ALPR/ocr_model/eu2/crops/test_034.jpg,SG47471,eu,eu2,
/Users/vladimir/Projects/ALPR/ocr_model/eu2/crops/test_008.jpg,LM298AI,eu,eu2,
/Users/vladimir/Projects/ALPR/ocr_model/eu2/crops/test_022.jpg,RK875AE,eu,eu2,
/Users/vladimir/Projects/ALPR/ocr_model/eu2/crops/test_036.jpg,RK708AI,eu,eu2,
/Users/vladimir/Projects/ALPR/ocr_model/eu2/crops/test_037.jpg,RK260AR,eu,eu2,
/Users/vladimir/Projects/ALPR/ocr_model/eu2/crops/test_023.jpg,RK612AL,eu,eu2,
/Users/vladimir/Projects/ALPR/ocr_model/eu2/crops/eu4.jpg,BIMMIAN,eu,eu2,
/Users/vladimir/Projects/ALPR/ocr_model/eu2/crops/test_087.jpg,RK011AM,eu,eu2,
/Users/vladimir/Projects/ALPR/ocr_model/eu2/crops/test_093.jpg,RK301AH,eu,eu2,
/Users/vladimir/Projects/ALPR/ocr_model/eu2/crops/test_044.jpg,RK878AC,eu,eu2,
/Users/vladimir/Projects/ALPR/ocr_model/eu2/crops/test_050.jpg,BB135BO,eu,eu2,
/Users/vladimir/Projects/ALPR/ocr_model/eu2/crops/test_078.jpg,RK457AS,eu,eu2,
/Users/vladimir/Projects/ALPR/ocr_model/eu2/crops/test_079.jpg,RK959AF,eu,eu2,
/Users/vladimir/Projects/ALPR/ocr_model/eu2/crops/test_051.jpg,RK6O5AB,eu,eu2,
/Users/vladimir/Projects/ALPR/ocr_model/eu2/crops/test_045.jpg,RK878AC,eu,eu2,
/Users/vladimir/Projects/ALPR/ocr_model/eu2/crops/test_092.jpg,RK373AK,eu,eu2,
/Users/vladimir/Projects/ALPR/ocr_model/eu2/crops/test_086.jpg,RK376AF,eu,eu2,
/Users/vladimir/Projects/ALPR/ocr_model/eu2/crops/eu5.jpg,OYO9FEU,eu,eu2,
/Users/vladimir/Projects/ALPR/ocr_model/eu2/crops/eu7.jpg,VW4X4WP,eu,eu2,
/Users/vladimir/Projects/ALPR/ocr_model/eu2/crops/test_090.jpg,RK550AO,eu,eu2,
/Users/vladimir/Projects/ALPR/ocr_model/eu2/crops/test_084.jpg,PD722BF,eu,eu2,
/Users/vladimir/Projects/ALPR/ocr_model/eu2/crops/test_053.jpg,RK715AA,eu,eu2,
/Users/vladimir/Projects/ALPR/ocr_model/eu2/crops/test_047.jpg,RK161AG,eu,eu2,
/Users/vladimir/Projects/ALPR/ocr_model/eu2/crops/test_046.jpg,RK143AT,eu,eu2,
/Users/vladimir/Projects/ALPR/ocr_model/eu2/crops/test_052.jpg,BY649AG,eu,eu2,
/Users/vladimir/Projects/ALPR/ocr_model/eu2/crops/test_085.jpg,RK959AD,eu,eu2,
/Users/vladimir/Projects/ALPR/ocr_model/eu2/crops/test_091.jpg,RK977AF,eu,eu2,
/Users/vladimir/Projects/ALPR/ocr_model/eu2/crops/eu6.jpg,WOBVWMK4,eu,eu2,
/Users/vladimir/Projects/ALPR/ocr_model/eu2/crops/eu2.jpg,GWAGEN,eu,eu2,
/Users/vladimir/Projects/ALPR/ocr_model/eu2/crops/test_095.jpg,NO626AT,eu,eu2,
/Users/vladimir/Projects/ALPR/ocr_model/eu2/crops/test_081.jpg,RK641AL,eu,eu2,
/Users/vladimir/Projects/ALPR/ocr_model/eu2/crops/test_056.jpg,RK3OOAG,eu,eu2,
/Users/vladimir/Projects/ALPR/ocr_model/eu2/crops/test_042.jpg,BA268IM,eu,eu2,
/Users/vladimir/Projects/ALPR/ocr_model/eu2/crops/test_043.jpg,DK641AH,eu,eu2,
/Users/vladimir/Projects/ALPR/ocr_model/eu2/crops/test_057.jpg,RK300AS,eu,eu2,
/Users/vladimir/Projects/ALPR/ocr_model/eu2/crops/test_080.jpg,RK003AB,eu,eu2,
/Users/vladimir/Projects/ALPR/ocr_model/eu2/crops/test_094.jpg,RK069AV,eu,eu2,
/Users/vladimir/Projects/ALPR/ocr_model/eu2/crops/eu3.jpg,FWE50,eu,eu2,
/Users/vladimir/Projects/ALPR/ocr_model/eu2/crops/eu1.jpg,M5XSX,eu,eu2,
/Users/vladimir/Projects/ALPR/ocr_model/eu2/crops/test_082.jpg,RK891AU,eu,eu2,
/Users/vladimir/Projects/ALPR/ocr_model/eu2/crops/test_096.jpg,RK735AS,eu,eu2,
/Users/vladimir/Projects/ALPR/ocr_model/eu2/crops/test_069.jpg,4B40262,eu,eu2,
/Users/vladimir/Projects/ALPR/ocr_model/eu2/crops/test_041.jpg,LM025BD,eu,eu2,
/Users/vladimir/Projects/ALPR/ocr_model/eu2/crops/test_055.jpg,NO450AM,eu,eu2,
/Users/vladimir/Projects/ALPR/ocr_model/eu2/crops/test_054.jpg,RK262AH,eu,eu2,
/Users/vladimir/Projects/ALPR/ocr_model/eu2/crops/test_040.jpg,RK101AO,eu,eu2,
/Users/vladimir/Projects/ALPR/ocr_model/eu2/crops/test_068.jpg,1B19839,eu,eu2,
/Users/vladimir/Projects/ALPR/ocr_model/eu2/crops/test_097.jpg,RK603AV,eu,eu2,
/Users/vladimir/Projects/ALPR/ocr_model/eu2/crops/test_083.jpg,PD935BG,eu,eu2,
/Users/vladimir/Projects/ALPR/ocr_model/us2/crops/wts-lg-000021.jpg,BGB3282,us,us2,
/Users/vladimir/Projects/ALPR/ocr_model/us2/crops/wts-lg-000035.jpg,XNR374,us,us2,
/Users/vladimir/Projects/ALPR/ocr_model/us2/crops/us6.jpg,HL0KTY1,us,us2,
/Users/vladimir/Projects/ALPR/ocr_model/us2/crops/22e54a62-57a8-4a0a-88c1-4b9758f67651.jpg,SL7C6S,us,us2,
/Users/vladimir/Projects/ALPR/ocr_model/us2/crops/wts-lg-000155.jpg,CYZ5139,us,us2,
/Users/vladimir/Projects/ALPR/ocr_model/us2/crops/wts-lg-000141.jpg,1365847,us,us2,
/Users/vladimir/Projects/ALPR/ocr_model/us2/crops/wts-lg-000169.jpg,47366J1,us,us2,
/Users/vladimir/Projects/ALPR/ocr_model/us2/crops/wts-lg-000196.jpg,DH7X317,us,us2,
/Users/vladimir/Projects/ALPR/ocr_model/us2/crops/wts-lg-000183.jpg,DK8F5L,us,us2,
/Users/vladimir/Projects/ALPR/ocr_model/us2/crops/wts-lg-000197.jpg,2MFZ746,us,us2,
/Users/vladimir/Projects/ALPR/ocr_model/us2/crops/wts-lg-000168.jpg,RZN384,us,us2,
/Users/vladimir/Projects/ALPR/ocr_model/us2/crops/wts-lg-000140.jpg,6MDU097,us,us2,
/Users/vladimir/Projects/ALPR/ocr_model/us2/crops/wts-lg-000154.jpg,1366026,us,us2,
/Users/vladimir/Projects/ALPR/ocr_model/us2/crops/us7.jpg,5VCF203,us,us2,
/Users/vladimir/Projects/ALPR/ocr_model/us2/crops/car11.jpg,DG3C8P,us,us2,
/Users/vladimir/Projects/ALPR/ocr_model/us2/crops/wts-lg-000034.jpg,HK5R9C,us,us2,
/Users/vladimir/Projects/ALPR/ocr_model/us2/crops/wts-lg-000020.jpg,R107555,us,us2,
/Users/vladimir/Projects/ALPR/ocr_model/us2/crops/wts-lg-000036.jpg,TTP488,us,us2,
/Users/vladimir/Projects/ALPR/ocr_model/us2/crops/wts-lg-000022.jpg,FNY881,us,us2,
/Users/vladimir/Projects/ALPR/ocr_model/us2/crops/car13.jpg,EMR7094,us,us2,
/Users/vladimir/Projects/ALPR/ocr_model/us2/crops/5b562a61-34ad-4f00-9164-d34abb7a38e4.jpg,91A4ZA,us,us2,
/Users/vladimir/Projects/ALPR/ocr_model/us2/crops/us5.jpg,NEILDMND,us,us2,
/Users/vladimir/Projects/ALPR/ocr_model/us2/crops/3850ba91-3c64-4c64-acba-0c46b61ec0da.jpg,HK0E7C,us,us2,
/Users/vladimir/Projects/ALPR/ocr_model/us2/crops/wts-lg-000142.jpg,5TGN556,us,us2,
/Users/vladimir/Projects/ALPR/ocr_model/us2/crops/wts-lg-000156.jpg,5TZA419,us,us2,
/Users/vladimir/Projects/ALPR/ocr_model/us2/crops/wts-lg-000181.jpg,PH5M9Y,us,us2,
/Users/vladimir/Projects/ALPR/ocr_model/us2/crops/wts-lg-000195.jpg,8D79882,us,us2,
/Users/vladimir/Projects/ALPR/ocr_model/us2/crops/wts-lg-000194.jpg,7CID930,us,us2,
/Users/vladimir/Projects/ALPR/ocr_model/us2/crops/wts-lg-000157.jpg,7EAV033,us,us2,
/Users/vladimir/Projects/ALPR/ocr_model/us2/crops/wts-lg-000143.jpg,3127K,us,us2,
/Users/vladimir/Projects/ALPR/ocr_model/us2/crops/us4.jpg,520MRK,us,us2,
/Users/vladimir/Projects/ALPR/ocr_model/us2/crops/car12.jpg,5UVR090,us,us2,
/Users/vladimir/Projects/ALPR/ocr_model/us2/crops/wts-lg-000023.jpg,AU41257,us,us2,
/Users/vladimir/Projects/ALPR/ocr_model/us2/crops/wts-lg-000037.jpg,RDN464,us,us2,
/Users/vladimir/Projects/ALPR/ocr_model/us2/crops/wts-lg-000033.jpg,PK2V6M,us,us2,
/Users/vladimir/Projects/ALPR/ocr_model/us2/crops/wts-lg-000027.jpg,SG8L7E,us,us2,
/Users/vladimir/Projects/ALPR/ocr_model/us2/crops/car16.jpg,002HHM,us,us2,
/Users/vladimir/Projects/ALPR/ocr_model/us2/crops/wts-lg-000147.jpg,8D79882,us,us2,
/Users/vladimir/Projects/ALPR/ocr_model/us2/crops/wts-lg-000190.jpg,6RYJ486,us,us2,
/Users/vladimir/Projects/ALPR/ocr_model/us2/crops/wts-lg-000191.jpg,CDL4461,us,us2,
/Users/vladimir/Projects/ALPR/ocr_model/us2/crops/wts-lg-000152.jpg,6UNP953,us,us2,
/Users/vladimir/Projects/ALPR/ocr_model/us2/crops/wts-lg-000146.jpg,4EEU387,us,us2,
/Users/vladimir/Projects/ALPR/ocr_model/us2/crops/us1.jpg,4PCI264,us,us2,
/Users/vladimir/Projects/ALPR/ocr_model/us2/crops/car17.jpg,L781601,us,us2,
/Users/vladimir/Projects/ALPR/ocr_model/us2/crops/wts-lg-000026.jpg,ML0C2S,us,us2,
/Users/vladimir/Projects/ALPR/ocr_model/us2/crops/wts-lg-000032.jpg,21A1BX,us,us2,
/Users/vladimir/Projects/ALPR/ocr_model/us2/crops/wts-lg-000018.jpg,CG2H2U,us,us2,
/Users/vladimir/Projects/ALPR/ocr_model/us2/crops/wts-lg-000024.jpg,P602849,us,us2,
/Users/vladimir/Projects/ALPR/ocr_model/us2/crops/wts-lg-000030.jpg,FK2X2Z,us,us2,
/Users/vladimir/Projects/ALPR/ocr_model/us2/crops/car15.jpg,KCS1M,us,us2,
/Users/vladimir/Projects/ALPR/ocr_model/us2/crops/us3.jpg,9185914,us,us2,
/Users/vladimir/Projects/ALPR/ocr_model/us2/crops/wts-lg-000178.jpg,6LSU216,us,us2,
/Users/vladimir/Projects/ALPR/ocr_model/us2/crops/wts-lg-000150.jpg,6WHS906,us,us2,
/Users/vladimir/Projects/ALPR/ocr_model/us2/crops/wts-lg-000144.jpg,CWW2245,us,us2,
/Users/vladimir/Projects/ALPR/ocr_model/us2/crops/wts-lg-000193.jpg,RZN384,us,us2,
/Users/vladimir/Projects/ALPR/ocr_model/us2/crops/wts-lg-000187.jpg,UJ5E1A,us,us2,
/Users/vladimir/Projects/ALPR/ocr_model/us2/crops/wts-lg-000186.jpg,AG0R6T,us,us2,
/Users/vladimir/Projects/ALPR/ocr_model/us2/crops/wts-lg-000192.jpg,5NWV468,us,us2,
/Users/vladimir/Projects/ALPR/ocr_model/us2/crops/wts-lg-000145.jpg,4KBZ265,us,us2,
/Users/vladimir/Projects/ALPR/ocr_model/us2/crops/a03ced3f-5a97-4e75-8106-fabfd2b8b76e.jpg,08E6CK,us,us2,
/Users/vladimir/Projects/ALPR/ocr_model/us2/crops/wts-lg-000151.jpg,5RIN962,us,us2,
/Users/vladimir/Projects/ALPR/ocr_model/us2/crops/wts-lg-000179.jpg,SL7J8R,us,us2,
/Users/vladimir/Projects/ALPR/ocr_model/us2/crops/7fbfbe28-aecb-45be-bd05-7cf26acb3c5c.jpg,KC4Z3X,us,us2,
/Users/vladimir/Projects/ALPR/ocr_model/us2/crops/us2.jpg,EUS664,us,us2,
/Users/vladimir/Projects/ALPR/ocr_model/us2/crops/car14.jpg,980YTB,us,us2,
/Users/vladimir/Projects/ALPR/ocr_model/us2/crops/wts-lg-000031.jpg,FE9N6K,us,us2,
/Users/vladimir/Projects/ALPR/ocr_model/us2/crops/wts-lg-000025.jpg,TZC207,us,us2,
/Users/vladimir/Projects/ALPR/ocr_model/us2/crops/wts-lg-000042.jpg,SK5K9V,us,us2,
/Users/vladimir/Projects/ALPR/ocr_model/us2/crops/wts-lg-000056.jpg,SZA679,us,us2,
/Users/vladimir/Projects/ALPR/ocr_model/us2/crops/car3.jpg,1AMW240,us,us2,
/Users/vladimir/Projects/ALPR/ocr_model/us2/crops/wts-lg-000095.jpg,4FCW533,us,us2,
/Users/vladimir/Projects/ALPR/ocr_model/us2/crops/cfaa9dd2-a388-4e92-bb3a-ae65c28d8139.jpg,KL3B8K,us,us2,
/Users/vladimir/Projects/ALPR/ocr_model/us2/crops/wts-lg-000136.jpg,CYZ5139,us,us2,
/Users/vladimir/Projects/ALPR/ocr_model/us2/crops/wts-lg-000122.jpg,DK0H7Z,us,us2,
/Users/vladimir/Projects/ALPR/ocr_model/us2/crops/wts-lg-000123.jpg,6XIU641,us,us2,
/Users/vladimir/Projects/ALPR/ocr_model/us2/crops/wts-lg-000137.jpg,CWW2245,us,us2,
/Users/vladimir/Projects/ALPR/ocr_model/us2/crops/33fa5185-0286-4e8f-b775-46162eba39d4.jpg,R820503,us,us2,
/Users/vladimir/Projects/ALPR/ocr_model/us2/crops/wts-lg-000094.jpg,CJ8P4V,us,us2,
/Users/vladimir/Projects/ALPR/ocr_model/us2/crops/wts-lg-000080.jpg,YD6L3C,us,us2,
/Users/vladimir/Projects/ALPR/ocr_model/us2/crops/wts-lg-000057.jpg,YBW23,us,us2,
/Users/vladimir/Projects/ALPR/ocr_model/us2/crops/car2.jpg,1049338,us,us2,
/Users/vladimir/Projects/ALPR/ocr_model/us2/crops/wts-lg-000043.jpg,FB8R4T,us,us2,
/Users/vladimir/Projects/ALPR/ocr_model/us2/crops/wts-lg-000055.jpg,TRZ951,us,us2,
/Users/vladimir/Projects/ALPR/ocr_model/us2/crops/wts-lg-000041.jpg,5LTA600,us,us2,
/Users/vladimir/Projects/ALPR/ocr_model/us2/crops/wts-lg-000069.jpg,TWF220,us,us2,
/Users/vladimir/Projects/ALPR/ocr_model/us2/crops/wts-lg-000096.jpg,CJ1P5G,us,us2,
/Users/vladimir/Projects/ALPR/ocr_model/us2/crops/wts-lg-000082.jpg,CJUJ79,us,us2,
/Users/vladimir/Projects/ALPR/ocr_model/us2/crops/21d8c31d-3deb-494b-9c63-c0223306fd82.jpg,2DA044,us,us2,
/Users/vladimir/Projects/ALPR/ocr_model/us2/crops/1e241dc8-8f18-4955-8988-03a0ab49f813.jpg,CCLVN3,us,us2,
/Users/vladimir/Projects/ALPR/ocr_model/us2/crops/wts-lg-000121.jpg,6MMD595,us,us2,
/Users/vladimir/Projects/ALPR/ocr_model/us2/crops/wts-lg-000135.jpg,CWM3083,us,us2,
/Users/vladimir/Projects/ALPR/ocr_model/us2/crops/wts-lg-000134.jpg,6WAW786,us,us2,
/Users/vladimir/Projects/ALPR/ocr_model/us2/crops/wts-lg-000120.jpg,5CJP303,us,us2,
/Users/vladimir/Projects/ALPR/ocr_model/us2/crops/car9-9.jpg,AVP2403,us,us2,
/Users/vladimir/Projects/ALPR/ocr_model/us2/crops/wts-lg-000083.jpg,N2427E,us,us2,
/Users/vladimir/Projects/ALPR/ocr_model/us2/crops/wts-lg-000097.jpg,R589789,us,us2,
/Users/vladimir/Projects/ALPR/ocr_model/us2/crops/wts-lg-000068.jpg,N359973,us,us2,
/Users/vladimir/Projects/ALPR/ocr_model/us2/crops/wts-lg-000040.jpg,WD2R9B,us,us2,
/Users/vladimir/Projects/ALPR/ocr_model/us2/crops/car1.jpg,627WWI,us,us2,
/Users/vladimir/Projects/ALPR/ocr_model/us2/crops/wts-lg-000078.jpg,5EZP631,us,us2,
/Users/vladimir/Projects/ALPR/ocr_model/us2/crops/wts-lg-000050.jpg,HB6L0Z,us,us2,
/Users/vladimir/Projects/ALPR/ocr_model/us2/crops/car5.jpg,59CADI,us,us2,
/Users/vladimir/Projects/ALPR/ocr_model/us2/crops/wts-lg-000044.jpg,AJK7551,us,us2,
/Users/vladimir/Projects/ALPR/ocr_model/us2/crops/wts-lg-000087.jpg,383WJP,us,us2,
/Users/vladimir/Projects/ALPR/ocr_model/us2/crops/wts-lg-000118.jpg,853FL,us,us2,
/Users/vladimir/Projects/ALPR/ocr_model/us2/crops/wts-lg-000124.jpg,5NCP692,us,us2,
/Users/vladimir/Projects/ALPR/ocr_model/us2/crops/wts-lg-000130.jpg,6PGM335,us,us2,
/Users/vladimir/Projects/ALPR/ocr_model/us2/crops/wts-lg-000131.jpg,00256M1,us,us2,
/Users/vladimir/Projects/ALPR/ocr_model/us2/crops/wts-lg-000125.jpg,5TQY867,us,us2,
/Users/vladimir/Projects/ALPR/ocr_model/us2/crops/wts-lg-000119.jpg,6RJN062,us,us2,
/Users/vladimir/Projects/ALPR/ocr_model/us2/crops/wts-lg-000086.jpg,ATGL04,us,us2,
/Users/vladimir/Projects/ALPR/ocr_model/us2/crops/wts-lg-000045.jpg,HF4Y3B,us,us2,
/Users/vladimir/Projects/ALPR/ocr_model/us2/crops/wts-lg-000051.jpg,PJ2X1V,us,us2,
/Users/vladimir/Projects/ALPR/ocr_model/us2/crops/wts-lg-000079.jpg,FD7U4U,us,us2,
/Users/vladimir/Projects/ALPR/ocr_model/us2/crops/wts-lg-000047.jpg,CLT0108,us,us2,
/Users/vladimir/Projects/ALPR/ocr_model/us2/crops/car6.jpg,AKS4329,us,us2,
/Users/vladimir/Projects/ALPR/ocr_model/us2/crops/wts-lg-000053.jpg,TNP222,us,us2,
/Users/vladimir/Projects/ALPR/ocr_model/us2/crops/wts-lg-000084.jpg,5AEA911,us,us2,
/Users/vladimir/Projects/ALPR/ocr_model/us2/crops/wts-lg-000090.jpg,MH6V4L,us,us2,
/Users/vladimir/Projects/ALPR/ocr_model/us2/crops/wts-lg-000133.jpg,5L0D951,us,us2,
/Users/vladimir/Projects/ALPR/ocr_model/us2/crops/wts-lg-000127.jpg,5AZL613,us,us2,
/Users/vladimir/Projects/ALPR/ocr_model/us2/crops/wts-lg-000126.jpg,6NZT067,us,us2,
/Users/vladimir/Projects/ALPR/ocr_model/us2/crops/wts-lg-000132.jpg,7AHN739,us,us2,
/Users/vladimir/Projects/ALPR/ocr_model/us2/crops/wts-lg-000091.jpg,MJ3R1V,us,us2,
/Users/vladimir/Projects/ALPR/ocr_model/us2/crops/wts-lg-000085.jpg,5DJ0529,us,us2,
/Users/vladimir/Projects/ALPR/ocr_model/us2/crops/car7.jpg,10DTM,us,us2,
/Users/vladimir/Projects/ALPR/ocr_model/us2/crops/wts-lg-000052.jpg,DK7J8G,us,us2,
/Users/vladimir/Projects/ALPR/ocr_model/us2/crops/wts-lg-000046.jpg,BFN8484,us,us2,
/Users/vladimir/Projects/ALPR/ocr_model/us2/crops/wts-lg-000063.jpg,FA8M7S,us,us2,
/Users/vladimir/Projects/ALPR/ocr_model/us2/crops/wts-lg-000077.jpg,5ZUC921,us,us2,
/Users/vladimir/Projects/ALPR/ocr_model/us2/crops/e73fd200-7ba4-4725-9d1d-2ec710864df6.jpg,8FV480,us,us2,
/Users/vladimir/Projects/ALPR/ocr_model/us2/crops/wts-lg-000088.jpg,CCV020,us,us2,
/Users/vladimir/Projects/ALPR/ocr_model/us2/crops/car9-2.jpg,4639520,us,us2,
/Users/vladimir/Projects/ALPR/ocr_model/us2/crops/wts-lg-000117.jpg,D315771,us,us2,
/Users/vladimir/Projects/ALPR/ocr_model/us2/crops/wts-lg-000102.jpg,DL9E1U,us,us2,
/Users/vladimir/Projects/ALPR/ocr_model/us2/crops/wts-lg-000089.jpg,YF2U68,us,us2,
/Users/vladimir/Projects/ALPR/ocr_model/us2/crops/wts-lg-000076.jpg,4GLS168,us,us2,
/Users/vladimir/Projects/ALPR/ocr_model/us2/crops/wts-lg-000062.jpg,GT679A,us,us2,
/Users/vladimir/Projects/ALPR/ocr_model/us2/crops/wts-lg-000074.jpg,AG6V1W,us,us2,
/Users/vladimir/Projects/ALPR/ocr_model/us2/crops/wts-lg-000060.jpg,TVG399,us,us2,
/Users/vladimir/Projects/ALPR/ocr_model/us2/crops/wts-lg-000048.jpg,FE5R2D,us,us2,
/Users/vladimir/Projects/ALPR/ocr_model/us2/crops/car9.jpg,PE3R2X,us,us2,
/Users/vladimir/Projects/ALPR/ocr_model/us2/crops/car9-1.jpg,ASC7399,us,us2,
/Users/vladimir/Projects/ALPR/ocr_model/us2/crops/wts-lg-000100.jpg,SH0R7X,us,us2,
/Users/vladimir/Projects/ALPR/ocr_model/us2/crops/wts-lg-000128.jpg,6MMD595,us,us2,
/Users/vladimir/Projects/ALPR/ocr_model/us2/crops/wts-lg-000129.jpg,CRK4732,us,us2,
/Users/vladimir/Projects/ALPR/ocr_model/us2/crops/wts-lg-000115.jpg,HH9G5W,us,us2,
/Users/vladimir/Projects/ALPR/ocr_model/us2/crops/wts-lg-000101.jpg,SH0R7X,us,us2,
/Users/vladimir/Projects/ALPR/ocr_model/us2/crops/car9-0.jpg,133GZD,us,us2,
/Users/vladimir/Projects/ALPR/ocr_model/us2/crops/car8.jpg,FZRULZ,us,us2,
/Users/vladimir/Projects/ALPR/ocr_model/us2/crops/wts-lg-000049.jpg,WG4L2M,us,us2,
/Users/vladimir/Projects/ALPR/ocr_model/us2/crops/wts-lg-000061.jpg,DK2Z5S,us,us2,
/Users/vladimir/Projects/ALPR/ocr_model/us2/crops/wts-lg-000075.jpg,6LKR481,us,us2,
/Users/vladimir/Projects/ALPR/ocr_model/us2/crops/wts-lg-000059.jpg,WXW835,us,us2,
/Users/vladimir/Projects/ALPR/ocr_model/us2/crops/wts-lg-000071.jpg,WSG979,us,us2,
/Users/vladimir/Projects/ALPR/ocr_model/us2/crops/wts-lg-000065.jpg,AC0M7V,us,us2,
/Users/vladimir/Projects/ALPR/ocr_model/us2/crops/car9-4.jpg,ANW2529,us,us2,
/Users/vladimir/Projects/ALPR/ocr_model/us2/crops/wts-lg-000139.jpg,1268205,us,us2,
/Users/vladimir/Projects/ALPR/ocr_model/us2/crops/wts-lg-000138.jpg,DD4C591,us,us2,
/Users/vladimir/Projects/ALPR/ocr_model/us2/crops/car9-5.jpg,AYX8803,us,us2,
/Users/vladimir/Projects/ALPR/ocr_model/us2/crops/0b86cecf-67d1-4fc0-87c9-b36b0ee228bb.jpg,YG9X2G,us,us2,
/Users/vladimir/Projects/ALPR/ocr_model/us2/crops/wts-lg-000064.jpg,UH1N2A,us,us2,
/Users/vladimir/Projects/ALPR/ocr_model/us2/crops/wts-lg-000070.jpg,WXY184,us,us2,
/Users/vladimir/Projects/ALPR/ocr_model/us2/crops/wts-lg-000058.jpg,CEMENT0,us,us2,
/Users/vladimir/Projects/ALPR/ocr_model/us2/crops/wts-lg-000066.jpg,SGTE5,us,us2,
/Users/vladimir/Projects/ALPR/ocr_model/us2/crops/wts-lg-000072.jpg,WTC249,us,us2,
/Users/vladimir/Projects/ALPR/ocr_model/us2/crops/wts-lg-000099.jpg,UG9L8U,us,us2,
/Users/vladimir/Projects/ALPR/ocr_model/us2/crops/37170dd1-2802-4e38-b982-c5d07c64ff67.jpg,6HP995,us,us2,
/Users/vladimir/Projects/ALPR/ocr_model/us2/crops/f0a3b8c0-198a-471b-9ca9-345c3dd28073.jpg,HB8X9J,us,us2,
/Users/vladimir/Projects/ALPR/ocr_model/us2/crops/car9-7.jpg,ASV9218,us,us2,
/Users/vladimir/Projects/ALPR/ocr_model/us2/crops/wts-lg-000106.jpg,3MVV252,us,us2,
/Users/vladimir/Projects/ALPR/ocr_model/us2/crops/f8fc5e59-9083-466b-ae3f-6b869a0b257b.jpg,UH1F0F,us,us2,
/Users/vladimir/Projects/ALPR/ocr_model/us2/crops/wts-lg-000113.jpg,AG4V3U,us,us2,
/Users/vladimir/Projects/ALPR/ocr_model/us2/crops/wts-lg-000098.jpg,UG9L8U,us,us2,
/Users/vladimir/Projects/ALPR/ocr_model/us2/crops/wts-lg-000073.jpg,5VDA555,us,us2,
/Users/vladimir/Projects/ALPR/ocr_model/us2/crops/wts-lg-000067.jpg,8951283,us,us2,
/Users/vladimir/Projects/ALPR/ocr_model/us2/crops/wts-lg-000014.jpg,DG2Z6U,us,us2,
/Users/vladimir/Projects/ALPR/ocr_model/us2/crops/wts-lg-000028.jpg,SK2W6K,us,us2,
/Users/vladimir/Projects/ALPR/ocr_model/us2/crops/car19.jpg,378DXR,us,us2,
/Users/vladimir/Projects/ALPR/ocr_model/us2/crops/wts-lg-000174.jpg,5BDE732,us,us2,
/Users/vladimir/Projects/ALPR/ocr_model/us2/crops/wts-lg-000160.jpg,8S16841,us,us2,
/Users/vladimir/Projects/ALPR/ocr_model/us2/crops/wts-lg-000148.jpg,6TIX874,us,us2,
/Users/vladimir/Projects/ALPR/ocr_model/us2/crops/wts-lg-000149.jpg,6MWF778,us,us2,
/Users/vladimir/Projects/ALPR/ocr_model/us2/crops/4be2025c-09f7-4bb0-b1bd-8e8633e6dec1.jpg,UF2V5S,us,us2,
/Users/vladimir/Projects/ALPR/ocr_model/us2/crops/wts-lg-000161.jpg,75061H1,us,us2,
/Users/vladimir/Projects/ALPR/ocr_model/us2/crops/wts-lg-000175.jpg,CWL9084,us,us2,
/Users/vladimir/Projects/ALPR/ocr_model/us2/crops/car18.jpg,SB3X6N,us,us2,
/Users/vladimir/Projects/ALPR/ocr_model/us2/crops/wts-lg-000029.jpg,AYE132,us,us2,
/Users/vladimir/Projects/ALPR/ocr_model/us2/crops/wts-lg-000017.jpg,7FR971,us,us2,
/Users/vladimir/Projects/ALPR/ocr_model/us2/crops/wts-lg-000163.jpg,CDK575,us,us2,
/Users/vladimir/Projects/ALPR/ocr_model/us2/crops/wts-lg-000177.jpg,6ZWF846,us,us2,
/Users/vladimir/Projects/ALPR/ocr_model/us2/crops/c9368c55-210d-456c-a5ef-c310e60039ec.jpg,UH1F0F,us,us2,
/Users/vladimir/Projects/ALPR/ocr_model/us2/crops/12c6cb72-3ea3-49e7-b381-e0cdfc5e8960.jpg,0SG719,us,us2,
/Users/vladimir/Projects/ALPR/ocr_model/us2/crops/wts-lg-000188.jpg,UJ3V0J,us,us2,
/Users/vladimir/Projects/ALPR/ocr_model/us2/crops/wts-lg-000189.jpg,FK4W3L,us,us2,
/Users/vladimir/Projects/ALPR/ocr_model/us2/crops/wts-lg-000176.jpg,BTZ7148,us,us2,
/Users/vladimir/Projects/ALPR/ocr_model/us2/crops/wts-lg-000162.jpg,CN2X798,us,us2,
/Users/vladimir/Projects/ALPR/ocr_model/us2/crops/us10.jpg,CC2881,us,us2,
/Users/vladimir/Projects/ALPR/ocr_model/us2/crops/wts-lg-000016.jpg,DL3C2Z,us,us2,
/Users/vladimir/Projects/ALPR/ocr_model/us2/crops/wts-lg-000012.jpg,CK0A1F,us,us2,
/Users/vladimir/Projects/ALPR/ocr_model/us2/crops/316b64c0-55bf-4079-a1c0-d93f461a576f.jpg,K179658,us,us2,
/Users/vladimir/Projects/ALPR/ocr_model/us2/crops/wts-lg-000166.jpg,4NZZ935,us,us2,
/Users/vladimir/Projects/ALPR/ocr_model/us2/crops/wts-lg-000172.jpg,8P62983,us,us2,
/Users/vladimir/Projects/ALPR/ocr_model/us2/crops/wts-lg-000199.jpg,J868321,us,us2,
/Users/vladimir/Projects/ALPR/ocr_model/us2/crops/wts-lg-000173.jpg,5FEE732,us,us2,
/Users/vladimir/Projects/ALPR/ocr_model/us2/crops/wts-lg-000167.jpg,7AWV401,us,us2,
/Users/vladimir/Projects/ALPR/ocr_model/us2/crops/us8.jpg,EAZ6913,us,us2,
/Users/vladimir/Projects/ALPR/ocr_model/us2/crops/car22.jpg,CH0P8Y,us,us2,
/Users/vladimir/Projects/ALPR/ocr_model/us2/crops/wts-lg-000013.jpg,DH5X9P,us,us2,
/Users/vladimir/Projects/ALPR/ocr_model/us2/crops/wts-lg-000039.jpg,VLX039,us,us2,
/Users/vladimir/Projects/ALPR/ocr_model/us2/crops/wts-lg-000011.jpg,MF2Y8X,us,us2,
/Users/vladimir/Projects/ALPR/ocr_model/us2/crops/car20.jpg,YG8E4F,us,us2,
/Users/vladimir/Projects/ALPR/ocr_model/us2/crops/d4f79480-366a-40b6-ab2c-328bcba705b2.jpg,FB5X8T,us,us2,
/Users/vladimir/Projects/ALPR/ocr_model/us2/crops/wts-lg-000159.jpg,59E21P1,us,us2,
/Users/vladimir/Projects/ALPR/ocr_model/us2/crops/wts-lg-000171.jpg,DCK6344,us,us2,
/Users/vladimir/Projects/ALPR/ocr_model/us2/crops/wts-lg-000165.jpg,CGT2069,us,us2,
/Users/vladimir/Projects/ALPR/ocr_model/us2/crops/wts-lg-000164.jpg,BSB0399,us,us2,
/Users/vladimir/Projects/ALPR/ocr_model/us2/crops/wts-lg-000170.jpg,5FLR236,us,us2,
/Users/vladimir/Projects/ALPR/ocr_model/us2/crops/wts-lg-000158.jpg,CWM2998,us,us2,
/Users/vladimir/Projects/ALPR/ocr_model/us2/crops/car21.jpg,YF2L6G,us,us2,
/Users/vladimir/Projects/ALPR/ocr_model/us2/crops/wts-lg-000010.jpg,HH9G5W,us,us2,
/Users/vladimir/Projects/ALPR/ocr_model/us2/crops/wts-lg-000038.jpg,78188,us,us2,
/Users/vladimir/Projects/ALPR/ocr_model/us3/usimages/ak1165.png,FUW999,us,us3_ak,
/Users/vladimir/Projects/ALPR/ocr_model/us3/usimages/ak399.png,FGJ235,us,us3_ak,
/Users/vladimir/Projects/ALPR/ocr_model/us3/usimages/ak721.png,FHG521,us,us3_ak,
/Users/vladimir/Projects/ALPR/ocr_model/us3/usimages/ak848.png,FPJ331,us,us3_ak,
/Users/vladimir/Projects/ALPR/ocr_model/us3/usimages/al1156.png,6A5730A,us,us3_al,
/Users/vladimir/Projects/ALPR/ocr_model/us3/usimages/al1181.png,26A178N,us,us3_al,
/Users/vladimir/Projects/ALPR/ocr_model/us3/usimages/al1204.png,9A9990A,us,us3_al,
/Users/vladimir/Projects/ALPR/ocr_model/us3/usimages/al1247.png,47A434F,us,us3_al,
/Users/vladimir/Projects/ALPR/ocr_model/us3/usimages/al1259.png,KAA20C,us,us3_al,
/Users/vladimir/Projects/ALPR/ocr_model/us3/usimages/al145.png,47A8D4C,us,us3_al,
/Users/vladimir/Projects/ALPR/ocr_model/us3/usimages/al1528.png,1G3296B,us,us3_al,
/Users/vladimir/Projects/ALPR/ocr_model/us3/usimages/al1662.png,2A3633A,us,us3_al,
/Users/vladimir/Projects/ALPR/ocr_model/us3/usimages/al47.png,2A9043J,us,us3_al,
/Users/vladimir/Projects/ALPR/ocr_model/us3/usimages/ar1097.png,UNI,us,us3_ar,
/Users/vladimir/Projects/ALPR/ocr_model/us3/usimages/ar1258.png,541AXY,us,us3_ar,
/Users/vladimir/Projects/ALPR/ocr_model/us3/usimages/ar127.png,991LNJ,us,us3_ar,
/Users/vladimir/Projects/ALPR/ocr_model/us3/usimages/ar1282.png,318ACZ,us,us3_ar,
/Users/vladimir/Projects/ALPR/ocr_model/us3/usimages/ar1308.png,355OCT,us,us3_ar,
/Users/vladimir/Projects/ALPR/ocr_model/us3/usimages/ar1487.png,NOX218,us,us3_ar,
/Users/vladimir/Projects/ALPR/ocr_model/us3/usimages/ar285.png,514KZE,us,us3_ar,
/Users/vladimir/Projects/ALPR/ocr_model/us3/usimages/ar477.png,133IIS,us,us3_ar,
/Users/vladimir/Projects/ALPR/ocr_model/us3/usimages/ar480.png,094NKC,us,us3_ar,
/Users/vladimir/Projects/ALPR/ocr_model/us3/usimages/ar624.png,ANYTEXT,us,us3_ar,
/Users/vladimir/Projects/ALPR/ocr_model/us3/usimages/ar726.png,324AZY,us,us3_ar,
/Users/vladimir/Projects/ALPR/ocr_model/us3/usimages/ar785.png,050LRR,us,us3_ar,
/Users/vladimir/Projects/ALPR/ocr_model/us3/usimages/ar800.png,520MRK,us,us3_ar,
/Users/vladimir/Projects/ALPR/ocr_model/us3/usimages/ar810.png,NOX226,us,us3_ar,
/Users/vladimir/Projects/ALPR/ocr_model/us3/usimages/ar834.png,AAAC,us,us3_ar,
/Users/vladimir/Projects/ALPR/ocr_model/us3/usimages/ar867.png,357HPB,us,us3_ar,
/Users/vladimir/Projects/ALPR/ocr_model/us3/usimages/ar883.png,087LAN,us,us3_ar,
/Users/vladimir/Projects/ALPR/ocr_model/us3/usimages/az1001.png,176NWN,us,us3_az,
/Users/vladimir/Projects/ALPR/ocr_model/us3/usimages/az102.png,AGB7548,us,us3_az,
/Users/vladimir/Projects/ALPR/ocr_model/us3/usimages/az1193.png,4YA411,us,us3_az,
/Users/vladimir/Projects/ALPR/ocr_model/us3/usimages/az1429.png,IM4REAL,us,us3_az,
/Users/vladimir/Projects/ALPR/ocr_model/us3/usimages/az158.png,FSM4EVR,us,us3_az,
/Users/vladimir/Projects/ALPR/ocr_model/us3/usimages/az381.png,919RMW,us,us3_az,
/Users/vladimir/Projects/ALPR/ocr_model/us3/usimages/az443.png,AST3087,us,us3_az,
/Users/vladimir/Projects/ALPR/ocr_model/us3/usimages/az589.png,W16627,us,us3_az,
/Users/vladimir/Projects/ALPR/ocr_model/us3/usimages/az758.png,BUKTLST,us,us3_az,
/Users/vladimir/Projects/ALPR/ocr_model/us3/usimages/az808.png,100AAA,us,us3_az,
/Users/vladimir/Projects/ALPR/ocr_model/us3/usimages/az837.png,752ARM,us,us3_az,
/Users/vladimir/Projects/ALPR/ocr_model/us3/usimages/az943.png,CUNAZ,us,us3_az,
/Users/vladimir/Projects/ALPR/ocr_model/us3/usimages/ca1000.png,HALTC02,us,us3_ca,
/Users/vladimir/Projects/ALPR/ocr_model/us3/usimages/ca1043.png,5EKR790,us,us3_ca,
/Users/vladimir/Projects/ALPR/ocr_model/us3/usimages/ca1073.png,DUKDAWG,us,us3_ca,
/Users/vladimir/Projects/ALPR/ocr_model/us3/usimages/ca1127.png,BUBBIE2,us,us3_ca,
/Users/vladimir/Projects/ALPR/ocr_model/us3/usimages/ca1136.png,5UMH719,us,us3_ca,
/Users/vladimir/Projects/ALPR/ocr_model/us3/usimages/ca1173.png,JAKEMRY,us,us3_ca,
/Users/vladimir/Projects/ALPR/ocr_model/us3/usimages/ca1194.png,Y0SPEED,us,us3_ca,
/Users/vladimir/Projects/ALPR/ocr_model/us3/usimages/ca1218.png,5NNY092,us,us3_ca,
/Users/vladimir/Projects/ALPR/ocr_model/us3/usimages/ca1543.png,ALKATRZ,us,us3_ca,
/Users/vladimir/Projects/ALPR/ocr_model/us3/usimages/ca1564.png,5AOJ230,us,us3_ca,
/Users/vladimir/Projects/ALPR/ocr_model/us3/usimages/ca1574.png,IMJSAYN,us,us3_ca,
/Users/vladimir/Projects/ALPR/ocr_model/us3/usimages/ca1591.png,P0W9999,us,us3_ca,
/Users/vladimir/Projects/ALPR/ocr_model/us3/usimages/ca1592.png,5PPP064,us,us3_ca,
/Users/vladimir/Projects/ALPR/ocr_model/us3/usimages/ca1622.png,WC6DX,us,us3_ca,
/Users/vladimir/Projects/ALPR/ocr_model/us3/usimages/ca1629.png,4HFX108,us,us3_ca,
/Users/vladimir/Projects/ALPR/ocr_model/us3/usimages/ca1635.png,6FGR999,us,us3_ca,
/Users/vladimir/Projects/ALPR/ocr_model/us3/usimages/ca241.png,4NZK761,us,us3_ca,
/Users/vladimir/Projects/ALPR/ocr_model/us3/usimages/ca261.png,6LIK274,us,us3_ca,
/Users/vladimir/Projects/ALPR/ocr_model/us3/usimages/ca286.png,5VCF203,us,us3_ca,
/Users/vladimir/Projects/ALPR/ocr_model/us3/usimages/ca350.png,6MBV006,us,us3_ca,
/Users/vladimir/Projects/ALPR/ocr_model/us3/usimages/ca359.png,6DZG261,us,us3_ca,
/Users/vladimir/Projects/ALPR/ocr_model/us3/usimages/ca366.png,5SIR459,us,us3_ca,
/Users/vladimir/Projects/ALPR/ocr_model/us3/usimages/ca424.png,NTGUILTY,us,us3_ca,
/Users/vladimir/Projects/ALPR/ocr_model/us3/usimages/ca519.png,5BBM299,us,us3_ca,
/Users/vladimir/Projects/ALPR/ocr_model/us3/usimages/ca574.png,4CVU806,us,us3_ca,
/Users/vladimir/Projects/ALPR/ocr_model/us3/usimages/ca740.png,5ALN015,us,us3_ca,
/Users/vladimir/Projects/ALPR/ocr_model/us3/usimages/ca780.png,SAMPLE1,us,us3_ca,
/Users/vladimir/Projects/ALPR/ocr_model/us3/usimages/ca857.png,5ZJC907,us,us3_ca,
/Users/vladimir/Projects/ALPR/ocr_model/us3/usimages/ca884.png,ILEG0,us,us3_ca,
/Users/vladimir/Projects/ALPR/ocr_model/us3/usimages/ca900.png,STARK11,us,us3_ca,
/Users/vladimir/Projects/ALPR/ocr_model/us3/usimages/co1018.png,ABU4137,us,us3_co,
/Users/vladimir/Projects/ALPR/ocr_model/us3/usimages/co1049.png,JX1000,us,us3_co,
/Users/vladimir/Projects/ALPR/ocr_model/us3/usimages/co122.png,000XXX,us,us3_co,
/Users/vladimir/Projects/ALPR/ocr_model/us3/usimages/co1431.png,832AXV,us,us3_co,
/Users/vladimir/Projects/ALPR/ocr_model/us3/usimages/co184.png,371MHA,us,us3_co,
/Users/vladimir/Projects/ALPR/ocr_model/us3/usimages/co192.png,031XOP,us,us3_co,
/Users/vladimir/Projects/ALPR/ocr_model/us3/usimages/co74.png,411SJW,us,us3_co,
/Users/vladimir/Projects/ALPR/ocr_model/us3/usimages/co818.png,016FGM,us,us3_co,
/Users/vladimir/Projects/ALPR/ocr_model/us3/usimages/co918.png,637RJH,us,us3_co,
/Users/vladimir/Projects/ALPR/ocr_model/us3/usimages/ct1475.png,725SLV,us,us3_ct,
/Users/vladimir/Projects/ALPR/ocr_model/us3/usimages/ct233.png,251RGF,us,us3_ct,
/Users/vladimir/Projects/ALPR/ocr_model/us3/usimages/ct362.png,WH0515,us,us3_ct,
/Users/vladimir/Projects/ALPR/ocr_model/us3/usimages/ct455.png,C0NNMAN,us,us3_ct,
/Users/vladimir/Projects/ALPR/ocr_model/us3/usimages/ct499.png,471NZO,us,us3_ct,
/Users/vladimir/Projects/ALPR/ocr_model/us3/usimages/ct59.png,392YNJ,us,us3_ct,
/Users/vladimir/Projects/ALPR/ocr_model/us3/usimages/ct704.png,644ETS,us,us3_ct,
/Users/vladimir/Projects/ALPR/ocr_model/us3/usimages/ct766.png,232MMA,us,us3_ct,
/Users/vladimir/Projects/ALPR/ocr_model/us3/usimages/ct833.png,126PLK,us,us3_ct,
/Users/vladimir/Projects/ALPR/ocr_model/us3/usimages/ct839.png,444MWK,us,us3_ct,
/Users/vladimir/Projects/ALPR/ocr_model/us3/usimages/ct83.png,267WJE,us,us3_ct,
/Users/vladimir/Projects/ALPR/ocr_model/us3/usimages/ct863.png,285XHK,us,us3_ct,
/Users/vladimir/Projects/ALPR/ocr_model/us3/usimages/ct879.png,126PTU,us,us3_ct,
/Users/vladimir/Projects/ALPR/ocr_model/us3/usimages/dc1008.png,DP7160,us,us3_dc,
/Users/vladimir/Projects/ALPR/ocr_model/us3/usimages/dc1038.png,AX2247,us,us3_dc,
/Users/vladimir/Projects/ALPR/ocr_model/us3/usimages/dc1065.png,DB3043,us,us3_dc,
/Users/vladimir/Projects/ALPR/ocr_model/us3/usimages/dc106.png,BA0523,us,us3_dc,
/Users/vladimir/Projects/ALPR/ocr_model/us3/usimages/dc1096.png,DCV0TE,us,us3_dc,
/Users/vladimir/Projects/ALPR/ocr_model/us3/usimages/dc1118.png,BC4922,us,us3_dc,
/Users/vladimir/Projects/ALPR/ocr_model/us3/usimages/dc1246.png,BR1932,us,us3_dc,
/Users/vladimir/Projects/ALPR/ocr_model/us3/usimages/dc1253.png,800002,us,us3_dc,
/Users/vladimir/Projects/ALPR/ocr_model/us3/usimages/dc1294.png,CW1694,us,us3_dc,
/Users/vladimir/Projects/ALPR/ocr_model/us3/usimages/dc1348.png,DZ4646,us,us3_dc,
/Users/vladimir/Projects/ALPR/ocr_model/us3/usimages/dc1415.png,CX4887,us,us3_dc,
/Users/vladimir/Projects/ALPR/ocr_model/us3/usimages/dc1498.png,DD9477,us,us3_dc,
/Users/vladimir/Projects/ALPR/ocr_model/us3/usimages/dc1542.png,CD3503,us,us3_dc,
/Users/vladimir/Projects/ALPR/ocr_model/us3/usimages/dc156.png,800002,us,us3_dc,
/Users/vladimir/Projects/ALPR/ocr_model/us3/usimages/dc1575.png,CD8065,us,us3_dc,
/Users/vladimir/Projects/ALPR/ocr_model/us3/usimages/dc1596.png,DZ1555,us,us3_dc,
/Users/vladimir/Projects/ALPR/ocr_model/us3/usimages/dc188.png,800002,us,us3_dc,
/Users/vladimir/Projects/ALPR/ocr_model/us3/usimages/dc522.png,BJ3710,us,us3_dc,
/Users/vladimir/Projects/ALPR/ocr_model/us3/usimages/dc545.png,2368,us,us3_dc,
/Users/vladimir/Projects/ALPR/ocr_model/us3/usimages/dc765.png,DA9836,us,us3_dc,
/Users/vladimir/Projects/ALPR/ocr_model/us3/usimages/dc97.png,800002,us,us3_dc,
/Users/vladimir/Projects/ALPR/ocr_model/us3/usimages/de0.png,508736,us,us3_de,
/Users/vladimir/Projects/ALPR/ocr_model/us3/usimages/de1057.png,200000,us,us3_de,
/Users/vladimir/Projects/ALPR/ocr_model/us3/usimages/de1203.png,668130,us,us3_de,
/Users/vladimir/Projects/ALPR/ocr_model/us3/usimages/de1254.png,421774,us,us3_de,
/Users/vladimir/Projects/ALPR/ocr_model/us3/usimages/de1288.png,197659,us,us3_de,
/Users/vladimir/Projects/ALPR/ocr_model/us3/usimages/de1519.png,721902,us,us3_de,
/Users/vladimir/Projects/ALPR/ocr_model/us3/usimages/de1608.png,HP7562,us,us3_de,
/Users/vladimir/Projects/ALPR/ocr_model/us3/usimages/de387.png,198606,us,us3_de,
/Users/vladimir/Projects/ALPR/ocr_model/us3/usimages/de395.png,848048,us,us3_de,
/Users/vladimir/Projects/ALPR/ocr_model/us3/usimages/de681.png,498354,us,us3_de,
/Users/vladimir/Projects/ALPR/ocr_model/us3/usimages/de793.png,69617,us,us3_de,
/Users/vladimir/Projects/ALPR/ocr_model/us3/usimages/de931.png,211907,us,us3_de,
/Users/vladimir/Projects/ALPR/ocr_model/us3/usimages/de959.png,C76634,us,us3_de,
/Users/vladimir/Projects/ALPR/ocr_model/us3/usimages/fl1167.png,7164HF,us,us3_fl,
/Users/vladimir/Projects/ALPR/ocr_model/us3/usimages/fl1225.png,W772UQ,us,us3_fl,
/Users/vladimir/Projects/ALPR/ocr_model/us3/usimages/fl1307.png,I404MY,us,us3_fl,
/Users/vladimir/Projects/ALPR/ocr_model/us3/usimages/fl227.png,FLNGP00,us,us3_fl,
/Users/vladimir/Projects/ALPR/ocr_model/us3/usimages/fl234.png,H507VU,us,us3_fl,
/Users/vladimir/Projects/ALPR/ocr_model/us3/usimages/fl26.png,615KPI,us,us3_fl,
/Users/vladimir/Projects/ALPR/ocr_model/us3/usimages/fl512.png,CUST0M,us,us3_fl,
/Users/vladimir/Projects/ALPR/ocr_model/us3/usimages/fl559.png,707YCC,us,us3_fl,
/Users/vladimir/Projects/ALPR/ocr_model/us3/usimages/fl823.png,Y6BYG,us,us3_fl,
/Users/vladimir/Projects/ALPR/ocr_model/us3/usimages/fl830.png,981XXH,us,us3_fl,
/Users/vladimir/Projects/ALPR/ocr_model/us3/usimages/fl920.png,N788BY,us,us3_fl,
/Users/vladimir/Projects/ALPR/ocr_model/us3/usimages/ga1260.png,BJL833,us,us3_ga,
/Users/vladimir/Projects/ALPR/ocr_model/us3/usimages/ga1314.png,HW1155,us,us3_ga,
/Users/vladimir/Projects/ALPR/ocr_model/us3/usimages/ga1484.png,BMN2079,us,us3_ga,
/Users/vladimir/Projects/ALPR/ocr_model/us3/usimages/ga151.png,BVN0669,us,us3_ga,
/Users/vladimir/Projects/ALPR/ocr_model/us3/usimages/ga16.png,ASN1074,us,us3_ga,
/Users/vladimir/Projects/ALPR/ocr_model/us3/usimages/ga31.png,APM5740,us,us3_ga,
/Users/vladimir/Projects/ALPR/ocr_model/us3/usimages/hi1005.png,WTFDMV,us,us3_hi,
/Users/vladimir/Projects/ALPR/ocr_model/us3/usimages/hi103.png,GZG347,us,us3_hi,
/Users/vladimir/Projects/ALPR/ocr_model/us3/usimages/hi1106.png,KTE268,us,us3_hi,
/Users/vladimir/Projects/ALPR/ocr_model/us3/usimages/hi1134.png,MZA275,us,us3_hi,
/Users/vladimir/Projects/ALPR/ocr_model/us3/usimages/hi1214.png,MSH861,us,us3_hi,
/Users/vladimir/Projects/ALPR/ocr_model/us3/usimages/hi130.png,HGX212,us,us3_hi,
/Users/vladimir/Projects/ALPR/ocr_model/us3/usimages/hi1559.png,JUSTMAUID,us,us3_hi,
/Users/vladimir/Projects/ALPR/ocr_model/us3/usimages/hi157.png,HXM691,us,us3_hi,
/Users/vladimir/Projects/ALPR/ocr_model/us3/usimages/hi302.png,KVU441,us,us3_hi,
/Users/vladimir/Projects/ALPR/ocr_model/us3/usimages/hi481.png,KVA442,us,us3_hi,
/Users/vladimir/Projects/ALPR/ocr_model/us3/usimages/hi503.png,KAB277,us,us3_hi,
/Users/vladimir/Projects/ALPR/ocr_model/us3/usimages/hi505.png,KTU979,us,us3_hi,
/Users/vladimir/Projects/ALPR/ocr_model/us3/usimages/hi588.png,HBD331,us,us3_hi,
/Users/vladimir/Projects/ALPR/ocr_model/us3/usimages/hi597.png,AA974,us,us3_hi,
/Users/vladimir/Projects/ALPR/ocr_model/us3/usimages/hi609.png,568201,us,us3_hi,
/Users/vladimir/Projects/ALPR/ocr_model/us3/usimages/hi685.png,BE840,us,us3_hi,
/Users/vladimir/Projects/ALPR/ocr_model/us3/usimages/hi72.png,WH6K0,us,us3_hi,
/Users/vladimir/Projects/ALPR/ocr_model/us3/usimages/hi817.png,PSX960,us,us3_hi,
/Users/vladimir/Projects/ALPR/ocr_model/us3/usimages/hi841.png,KZF827,us,us3_hi,
/Users/vladimir/Projects/ALPR/ocr_model/us3/usimages/hi89.png,HWR837,us,us3_hi,
/Users/vladimir/Projects/ALPR/ocr_model/us3/usimages/ia1025.png,469BWW,us,us3_ia,
/Users/vladimir/Projects/ALPR/ocr_model/us3/usimages/ia1376.png,042WYG,us,us3_ia,
/Users/vladimir/Projects/ALPR/ocr_model/us3/usimages/ia1387.png,444NOQ,us,us3_ia,
/Users/vladimir/Projects/ALPR/ocr_model/us3/usimages/ia1419.png,712WQA,us,us3_ia,
/Users/vladimir/Projects/ALPR/ocr_model/us3/usimages/ia1458.png,5812HJ,us,us3_ia,
/Users/vladimir/Projects/ALPR/ocr_model/us3/usimages/ia215.png,339HAT,us,us3_ia,
/Users/vladimir/Projects/ALPR/ocr_model/us3/usimages/ia289.png,8584HH,us,us3_ia,
/Users/vladimir/Projects/ALPR/ocr_model/us3/usimages/ia396.png,J0518,us,us3_ia,
/Users/vladimir/Projects/ALPR/ocr_model/us3/usimages/ia462.png,696PAI,us,us3_ia,
/Users/vladimir/Projects/ALPR/ocr_model/us3/usimages/ia537.png,576PBQ,us,us3_ia,
/Users/vladimir/Projects/ALPR/ocr_model/us3/usimages/ia547.png,326XLH,us,us3_ia,
/Users/vladimir/Projects/ALPR/ocr_model/us3/usimages/ia553.png,8363HJ,us,us3_ia,
/Users/vladimir/Projects/ALPR/ocr_model/us3/usimages/ia695.png,683ZCL,us,us3_ia,
/Users/vladimir/Projects/ALPR/ocr_model/us3/usimages/ia760.png,7881BZ,us,us3_ia,
/Users/vladimir/Projects/ALPR/ocr_model/us3/usimages/ia779.png,397CQW,us,us3_ia,
/Users/vladimir/Projects/ALPR/ocr_model/us3/usimages/ia842.png,778AOS,us,us3_ia,
/Users/vladimir/Projects/ALPR/ocr_model/us3/usimages/id1163.png,693ABA,us,us3_id,
/Users/vladimir/Projects/ALPR/ocr_model/us3/usimages/id1191.png,8862,us,us3_id,
/Users/vladimir/Projects/ALPR/ocr_model/us3/usimages/id1280.png,IDAH0HI,us,us3_id,
/Users/vladimir/Projects/ALPR/ocr_model/us3/usimages/id1320.png,2006R,us,us3_id,
/Users/vladimir/Projects/ALPR/ocr_model/us3/usimages/id137.png,C0UGAR,us,us3_id,
/Users/vladimir/Projects/ALPR/ocr_model/us3/usimages/id1405.png,8BL8976,us,us3_id,
/Users/vladimir/Projects/ALPR/ocr_model/us3/usimages/id1409.png,SQUAW,us,us3_id,
/Users/vladimir/Projects/ALPR/ocr_model/us3/usimages/id140.png,DELIGRL,us,us3_id,
/Users/vladimir/Projects/ALPR/ocr_model/us3/usimages/id1416.png,DRIFTER,us,us3_id,
/Users/vladimir/Projects/ALPR/ocr_model/us3/usimages/id1485.png,2CZ3587,us,us3_id,
/Users/vladimir/Projects/ALPR/ocr_model/us3/usimages/id1567.png,46914,us,us3_id,
/Users/vladimir/Projects/ALPR/ocr_model/us3/usimages/id1645.png,I64081,us,us3_id,
/Users/vladimir/Projects/ALPR/ocr_model/us3/usimages/id238.png,2B699,us,us3_id,
/Users/vladimir/Projects/ALPR/ocr_model/us3/usimages/id254.png,BL0GGER,us,us3_id,
/Users/vladimir/Projects/ALPR/ocr_model/us3/usimages/id260.png,1A2E468,us,us3_id,
/Users/vladimir/Projects/ALPR/ocr_model/us3/usimages/id400.png,B33333,us,us3_id,
/Users/vladimir/Projects/ALPR/ocr_model/us3/usimages/id415.png,HYDR01,us,us3_id,
/Users/vladimir/Projects/ALPR/ocr_model/us3/usimages/id42.png,1AA4679,us,us3_id,
/Users/vladimir/Projects/ALPR/ocr_model/us3/usimages/id513.png,1T10294,us,us3_id,
/Users/vladimir/Projects/ALPR/ocr_model/us3/usimages/id539.png,0LDGRL,us,us3_id,
/Users/vladimir/Projects/ALPR/ocr_model/us3/usimages/id665.png,1AD849T,us,us3_id,
/Users/vladimir/Projects/ALPR/ocr_model/us3/usimages/id688.png,71227,us,us3_id,
/Users/vladimir/Projects/ALPR/ocr_model/us3/usimages/id770.png,1AVB713,us,us3_id,
/Users/vladimir/Projects/ALPR/ocr_model/us3/usimages/id825.png,MNW235,us,us3_id,
/Users/vladimir/Projects/ALPR/ocr_model/us3/usimages/id860.png,1ADL132,us,us3_id,
/Users/vladimir/Projects/ALPR/ocr_model/us3/usimages/id913.png,UPDCRIK,us,us3_id,
/Users/vladimir/Projects/ALPR/ocr_model/us3/usimages/id991.png,108565,us,us3_id,
/Users/vladimir/Projects/ALPR/ocr_model/us3/usimages/id997.png,9B352T,us,us3_id,
/Users/vladimir/Projects/ALPR/ocr_model/us3/usimages/il1102.png,5977144,us,us3_il,
/Users/vladimir/Projects/ALPR/ocr_model/us3/usimages/il1148.png,G343404,us,us3_il,
/Users/vladimir/Projects/ALPR/ocr_model/us3/usimages/il1200.png,PLTFRM,us,us3_il,
/Users/vladimir/Projects/ALPR/ocr_model/us3/usimages/il126.png,H694856,us,us3_il,
/Users/vladimir/Projects/ALPR/ocr_model/us3/usimages/il1302.png,H233308,us,us3_il,
/Users/vladimir/Projects/ALPR/ocr_model/us3/usimages/il1328.png,IR0NY,us,us3_il,
/Users/vladimir/Projects/ALPR/ocr_model/us3/usimages/il1339.png,4141119,us,us3_il,
/Users/vladimir/Projects/ALPR/ocr_model/us3/usimages/il1373.png,9185914,us,us3_il,
/Users/vladimir/Projects/ALPR/ocr_model/us3/usimages/il1480.png,4233784,us,us3_il,
/Users/vladimir/Projects/ALPR/ocr_model/us3/usimages/il1481.png,8812044,us,us3_il,
/Users/vladimir/Projects/ALPR/ocr_model/us3/usimages/il1587.png,CHICAG0,us,us3_il,
/Users/vladimir/Projects/ALPR/ocr_model/us3/usimages/il197.png,5205303,us,us3_il,
/Users/vladimir/Projects/ALPR/ocr_model/us3/usimages/il202.png,6023411,us,us3_il,
/Users/vladimir/Projects/ALPR/ocr_model/us3/usimages/il214.png,L824788,us,us3_il,
/Users/vladimir/Projects/ALPR/ocr_model/us3/usimages/il330.png,K545614,us,us3_il,
/Users/vladimir/Projects/ALPR/ocr_model/us3/usimages/il372.png,T299066,us,us3_il,
/Users/vladimir/Projects/ALPR/ocr_model/us3/usimages/il393.png,A323060,us,us3_il,
/Users/vladimir/Projects/ALPR/ocr_model/us3/usimages/il596.png,QIU1688,us,us3_il,
/Users/vladimir/Projects/ALPR/ocr_model/us3/usimages/il608.png,FAMILY,us,us3_il,
/Users/vladimir/Projects/ALPR/ocr_model/us3/usimages/il616.png,H103801,us,us3_il,
/Users/vladimir/Projects/ALPR/ocr_model/us3/usimages/il638.png,96381A,us,us3_il,
/Users/vladimir/Projects/ALPR/ocr_model/us3/usimages/il696.png,4069160,us,us3_il,
/Users/vladimir/Projects/ALPR/ocr_model/us3/usimages/il804.png,5415791,us,us3_il,
/Users/vladimir/Projects/ALPR/ocr_model/us3/usimages/il906.png,4701134,us,us3_il,
/Users/vladimir/Projects/ALPR/ocr_model/us3/usimages/in1076.png,194MJM,us,us3_in,
/Users/vladimir/Projects/ALPR/ocr_model/us3/usimages/in1184.png,ANYTEXT,us,us3_in,
/Users/vladimir/Projects/ALPR/ocr_model/us3/usimages/in1266.png,858GAB,us,us3_in,
/Users/vladimir/Projects/ALPR/ocr_model/us3/usimages/in1334.png,BEG0DS,us,us3_in,
/Users/vladimir/Projects/ALPR/ocr_model/us3/usimages/in1658.png,N0G0DS,us,us3_in,
/Users/vladimir/Projects/ALPR/ocr_model/us3/usimages/in367.png,221TAN,us,us3_in,
/Users/vladimir/Projects/ALPR/ocr_model/us3/usimages/in549.png,904AFL,us,us3_in,
/Users/vladimir/Projects/ALPR/ocr_model/us3/usimages/in870.png,824BOJ,us,us3_in,
/Users/vladimir/Projects/ALPR/ocr_model/us3/usimages/ks1105.png,987BYN,us,us3_ks,
/Users/vladimir/Projects/ALPR/ocr_model/us3/usimages/ks252.png,123SAM,us,us3_ks,
/Users/vladimir/Projects/ALPR/ocr_model/us3/usimages/ks50.png,034ADQ,us,us3_ks,
/Users/vladimir/Projects/ALPR/ocr_model/us3/usimages/ky1217.png,BBG50B,us,us3_ky,
/Users/vladimir/Projects/ALPR/ocr_model/us3/usimages/ky1249.png,697BBM,us,us3_ky,
/Users/vladimir/Projects/ALPR/ocr_model/us3/usimages/ky319.png,697BBM,us,us3_ky,
/Users/vladimir/Projects/ALPR/ocr_model/us3/usimages/ky452.png,209JVC,us,us3_ky,
/Users/vladimir/Projects/ALPR/ocr_model/us3/usimages/ky476.png,778JCC,us,us3_ky,
/Users/vladimir/Projects/ALPR/ocr_model/us3/usimages/ky69.png,344JMD,us,us3_ky,
/Users/vladimir/Projects/ALPR/ocr_model/us3/usimages/ky729.png,547KPE,us,us3_ky,
/Users/vladimir/Projects/ALPR/ocr_model/us3/usimages/la1064.png,MRK589,us,us3_la,
/Users/vladimir/Projects/ALPR/ocr_model/us3/usimages/la1109.png,NJP857,us,us3_la,
/Users/vladimir/Projects/ALPR/ocr_model/us3/usimages/la1160.png,B588779,us,us3_la,
/Users/vladimir/Projects/ALPR/ocr_model/us3/usimages/la1177.png,PKX512,us,us3_la,
/Users/vladimir/Projects/ALPR/ocr_model/us3/usimages/la11.png,W869804,us,us3_la,
/Users/vladimir/Projects/ALPR/ocr_model/us3/usimages/la1213.png,NPJ766,us,us3_la,
/Users/vladimir/Projects/ALPR/ocr_model/us3/usimages/la1356.png,UZTHE4C,us,us3_la,
/Users/vladimir/Projects/ALPR/ocr_model/us3/usimages/la1444.png,OQK466,us,us3_la,
/Users/vladimir/Projects/ALPR/ocr_model/us3/usimages/la1616.png,VTP781,us,us3_la,
/Users/vladimir/Projects/ALPR/ocr_model/us3/usimages/la163.png,OIT643,us,us3_la,
/Users/vladimir/Projects/ALPR/ocr_model/us3/usimages/la237.png,LFS658,us,us3_la,
/Users/vladimir/Projects/ALPR/ocr_model/us3/usimages/la244.png,CZH964,us,us3_la,
/Users/vladimir/Projects/ALPR/ocr_model/us3/usimages/la275.png,TAF389,us,us3_la,
/Users/vladimir/Projects/ALPR/ocr_model/us3/usimages/la298.png,LPB635,us,us3_la,
/Users/vladimir/Projects/ALPR/ocr_model/us3/usimages/la380.png,ANYTEXT,us,us3_la,
/Users/vladimir/Projects/ALPR/ocr_model/us3/usimages/la405.png,X066342,us,us3_la,
/Users/vladimir/Projects/ALPR/ocr_model/us3/usimages/la571.png,PCM050,us,us3_la,
/Users/vladimir/Projects/ALPR/ocr_model/us3/usimages/la691.png,VJT338,us,us3_la,
/Users/vladimir/Projects/ALPR/ocr_model/us3/usimages/la701.png,LFM397,us,us3_la,
/Users/vladimir/Projects/ALPR/ocr_model/us3/usimages/la746.png,B395483,us,us3_la,
/Users/vladimir/Projects/ALPR/ocr_model/us3/usimages/la787.png,NRM331,us,us3_la,
/Users/vladimir/Projects/ALPR/ocr_model/us3/usimages/la7.png,KRM489,us,us3_la,
/Users/vladimir/Projects/ALPR/ocr_model/us3/usimages/la806.png,X243499,us,us3_la,
/Users/vladimir/Projects/ALPR/ocr_model/us3/usimages/ma1014.png,152JK8,us,us3_ma,
/Users/vladimir/Projects/ALPR/ocr_model/us3/usimages/ma115.png,35YF25,us,us3_ma,
/Users/vladimir/Projects/ALPR/ocr_model/us3/usimages/ma1180.png,78BL81,us,us3_ma,
/Users/vladimir/Projects/ALPR/ocr_model/us3/usimages/ma1230.png,168PH5,us,us3_ma,
/Users/vladimir/Projects/ALPR/ocr_model/us3/usimages/ma142.png,72LY,us,us3_ma,
/Users/vladimir/Projects/ALPR/ocr_model/us3/usimages/ma1506.png,86TJ68,us,us3_ma,
/Users/vladimir/Projects/ALPR/ocr_model/us3/usimages/ma1614.png,421EM9,us,us3_ma,
/Users/vladimir/Projects/ALPR/ocr_model/us3/usimages/ma246.png,4280,us,us3_ma,
/Users/vladimir/Projects/ALPR/ocr_model/us3/usimages/ma257.png,14CV10,us,us3_ma,
/Users/vladimir/Projects/ALPR/ocr_model/us3/usimages/ma49.png,2515,us,us3_ma,
/Users/vladimir/Projects/ALPR/ocr_model/us3/usimages/ma700.png,8249AG,us,us3_ma,
/Users/vladimir/Projects/ALPR/ocr_model/us3/usimages/ma78.png,14CV10,us,us3_ma,
/Users/vladimir/Projects/ALPR/ocr_model/us3/usimages/ma805.png,WRLDTC,us,us3_ma,
/Users/vladimir/Projects/ALPR/ocr_model/us3/usimages/ma836.png,20FY20,us,us3_ma,
/Users/vladimir/Projects/ALPR/ocr_model/us3/usimages/ma880.png,196XJY,us,us3_ma,
/Users/vladimir/Projects/ALPR/ocr_model/us3/usimages/ma902.png,2652WE,us,us3_ma,
/Users/vladimir/Projects/ALPR/ocr_model/us3/usimages/ma912.png,5555,us,us3_ma,
/Users/vladimir/Projects/ALPR/ocr_model/us3/usimages/ma948.png,16FF,us,us3_ma,
/Users/vladimir/Projects/ALPR/ocr_model/us3/usimages/md1035.png,AJK216,us,us3_md,
/Users/vladimir/Projects/ALPR/ocr_model/us3/usimages/md1107.png,7BPD06,us,us3_md,
/Users/vladimir/Projects/ALPR/ocr_model/us3/usimages/md1304.png,0026,us,us3_md,
/Users/vladimir/Projects/ALPR/ocr_model/us3/usimages/md1392.png,19024K,us,us3_md,
/Users/vladimir/Projects/ALPR/ocr_model/us3/usimages/md1430.png,A000956,us,us3_md,
/Users/vladimir/Projects/ALPR/ocr_model/us3/usimages/md1585.png,976BB0,us,us3_md,
/Users/vladimir/Projects/ALPR/ocr_model/us3/usimages/md178.png,0,us,us3_md,
/Users/vladimir/Projects/ALPR/ocr_model/us3/usimages/md223.png,ADT80S,us,us3_md,
/Users/vladimir/Projects/ALPR/ocr_model/us3/usimages/md284.png,017M149,us,us3_md,
/Users/vladimir/Projects/ALPR/ocr_model/us3/usimages/md29.png,4DLR50,us,us3_md,
/Users/vladimir/Projects/ALPR/ocr_model/us3/usimages/md356.png,CTH523,us,us3_md,
/Users/vladimir/Projects/ALPR/ocr_model/us3/usimages/md510.png,FRESPCH,us,us3_md,
/Users/vladimir/Projects/ALPR/ocr_model/us3/usimages/md520.png,07532F,us,us3_md,
/Users/vladimir/Projects/ALPR/ocr_model/us3/usimages/md645.png,A075307,us,us3_md,
/Users/vladimir/Projects/ALPR/ocr_model/us3/usimages/md725.png,VTS820,us,us3_md,
/Users/vladimir/Projects/ALPR/ocr_model/us3/usimages/md783.png,3DDB31,us,us3_md,
/Users/vladimir/Projects/ALPR/ocr_model/us3/usimages/md874.png,CTH523,us,us3_md,
/Users/vladimir/Projects/ALPR/ocr_model/us3/usimages/md925.png,ARW072,us,us3_md,
/Users/vladimir/Projects/ALPR/ocr_model/us3/usimages/md962.png,DHB822,us,us3_md,
/Users/vladimir/Projects/ALPR/ocr_model/us3/usimages/me1074.png,KHAAANN,us,us3_me,
/Users/vladimir/Projects/ALPR/ocr_model/us3/usimages/me1078.png,M0000SE,us,us3_me,
/Users/vladimir/Projects/ALPR/ocr_model/us3/usimages/me1330.png,MDJJS5,us,us3_me,
/Users/vladimir/Projects/ALPR/ocr_model/us3/usimages/me1418.png,6725SC,us,us3_me,
/Users/vladimir/Projects/ALPR/ocr_model/us3/usimages/me1432.png,16991,us,us3_me,
/Users/vladimir/Projects/ALPR/ocr_model/us3/usimages/me1453.png,241AKD,us,us3_me,
/Users/vladimir/Projects/ALPR/ocr_model/us3/usimages/me1502.png,6628LG,us,us3_me,
/Users/vladimir/Projects/ALPR/ocr_model/us3/usimages/me1518.png,1435GK,us,us3_me,
/Users/vladimir/Projects/ALPR/ocr_model/us3/usimages/me1605.png,481ABQ,us,us3_me,
/Users/vladimir/Projects/ALPR/ocr_model/us3/usimages/me1628.png,1435GK,us,us3_me,
/Users/vladimir/Projects/ALPR/ocr_model/us3/usimages/me203.png,100AJA,us,us3_me,
/Users/vladimir/Projects/ALPR/ocr_model/us3/usimages/me20.png,0MYSTRZ,us,us3_me,
/Users/vladimir/Projects/ALPR/ocr_model/us3/usimages/me471.png,965AAS,us,us3_me,
/Users/vladimir/Projects/ALPR/ocr_model/us3/usimages/me542.png,4303HI,us,us3_me,
/Users/vladimir/Projects/ALPR/ocr_model/us3/usimages/me775.png,MMGUIDE,us,us3_me,
/Users/vladimir/Projects/ALPR/ocr_model/us3/usimages/me847.png,100AJA,us,us3_me,
/Users/vladimir/Projects/ALPR/ocr_model/us3/usimages/me872.png,8348KQ,us,us3_me,
/Users/vladimir/Projects/ALPR/ocr_model/us3/usimages/mi1055.png,A39HK,us,us3_mi,
/Users/vladimir/Projects/ALPR/ocr_model/us3/usimages/mi1155.png,BLF5563,us,us3_mi,
/Users/vladimir/Projects/ALPR/ocr_model/us3/usimages/mi1175.png,CFA7360,us,us3_mi,
/Users/vladimir/Projects/ALPR/ocr_model/us3/usimages/mi1322.png,C2TURB0,us,us3_mi,
/Users/vladimir/Projects/ALPR/ocr_model/us3/usimages/mi1346.png,BCX4554,us,us3_mi,
/Users/vladimir/Projects/ALPR/ocr_model/us3/usimages/mi1593.png,AQE66,us,us3_mi,
/Users/vladimir/Projects/ALPR/ocr_model/us3/usimages/mi172.png,D0N0R,us,us3_mi,
/Users/vladimir/Projects/ALPR/ocr_model/us3/usimages/mi242.png,G0LFING,us,us3_mi,
/Users/vladimir/Projects/ALPR/ocr_model/us3/usimages/mi309.png,AA00A,us,us3_mi,
/Users/vladimir/Projects/ALPR/ocr_model/us3/usimages/mi40.png,BXC2341,us,us3_mi,
/Users/vladimir/Projects/ALPR/ocr_model/us3/usimages/mi585.png,SAMPL,us,us3_mi,
/Users/vladimir/Projects/ALPR/ocr_model/us3/usimages/mi984.png,4BXG21,us,us3_mi,
/Users/vladimir/Projects/ALPR/ocr_model/us3/usimages/mn1081.png,PAP263,us,us3_mn,
/Users/vladimir/Projects/ALPR/ocr_model/us3/usimages/mn110.png,7364,us,us3_mn,
/Users/vladimir/Projects/ALPR/ocr_model/us3/usimages/mn1111.png,UUC271,us,us3_mn,
/Users/vladimir/Projects/ALPR/ocr_model/us3/usimages/mn1140.png,ATHEIST,us,us3_mn,
/Users/vladimir/Projects/ALPR/ocr_model/us3/usimages/mn1224.png,085NXE,us,us3_mn,
/Users/vladimir/Projects/ALPR/ocr_model/us3/usimages/mn1292.png,903GZR,us,us3_mn,
/Users/vladimir/Projects/ALPR/ocr_model/us3/usimages/mn1457.png,845CTC,us,us3_mn,
/Users/vladimir/Projects/ALPR/ocr_model/us3/usimages/mn1544.png,MW369,us,us3_mn,
/Users/vladimir/Projects/ALPR/ocr_model/us3/usimages/mn1618.png,2678,us,us3_mn,
/Users/vladimir/Projects/ALPR/ocr_model/us3/usimages/mn332.png,523AEZ,us,us3_mn,
/Users/vladimir/Projects/ALPR/ocr_model/us3/usimages/mn378.png,GLF288,us,us3_mn,
/Users/vladimir/Projects/ALPR/ocr_model/us3/usimages/mn429.png,FMP703,us,us3_mn,
/Users/vladimir/Projects/ALPR/ocr_model/us3/usimages/mn485.png,DN242,us,us3_mn,
/Users/vladimir/Projects/ALPR/ocr_model/us3/usimages/mn518.png,BRECHT,us,us3_mn,
/Users/vladimir/Projects/ALPR/ocr_model/us3/usimages/mn64.png,EVA931,us,us3_mn,
/Users/vladimir/Projects/ALPR/ocr_model/us3/usimages/mn723.png,PAP263,us,us3_mn,
/Users/vladimir/Projects/ALPR/ocr_model/us3/usimages/mn764.png,BT000,us,us3_mn,
/Users/vladimir/Projects/ALPR/ocr_model/us3/usimages/mn96.png,GK063,us,us3_mn,
/Users/vladimir/Projects/ALPR/ocr_model/us3/usimages/mn980.png,DCE353,us,us3_mn,
/Users/vladimir/Projects/ALPR/ocr_model/us3/usimages/mo1212.png,DE8Y2A,us,us3_mo,
/Users/vladimir/Projects/ALPR/ocr_model/us3/usimages/mo1450.png,HF1C7G,us,us3_mo,
/Users/vladimir/Projects/ALPR/ocr_model/us3/usimages/mo1654.png,0CA069,us,us3_mo,
/Users/vladimir/Projects/ALPR/ocr_model/us3/usimages/mo528.png,158CSX,us,us3_mo,
/Users/vladimir/Projects/ALPR/ocr_model/us3/usimages/mo565.png,FB8A3E,us,us3_mo,
/Users/vladimir/Projects/ALPR/ocr_model/us3/usimages/mo856.png,FF2C9E,us,us3_mo,
/Users/vladimir/Projects/ALPR/ocr_model/us3/usimages/ms1062.png,015NF6,us,us3_ms,
/Users/vladimir/Projects/ALPR/ocr_model/us3/usimages/ms1122.png,WRW935,us,us3_ms,
/Users/vladimir/Projects/ALPR/ocr_model/us3/usimages/ms1189.png,2C058,us,us3_ms,
/Users/vladimir/Projects/ALPR/ocr_model/us3/usimages/ms1340.png,EJK553,us,us3_ms,
/Users/vladimir/Projects/ALPR/ocr_model/us3/usimages/ms1342.png,G026,us,us3_ms,
/Users/vladimir/Projects/ALPR/ocr_model/us3/usimages/ms143.png,FSQ769,us,us3_ms,
/Users/vladimir/Projects/ALPR/ocr_model/us3/usimages/ms1441.png,188LAP,us,us3_ms,
/Users/vladimir/Projects/ALPR/ocr_model/us3/usimages/ms1447.png,QTA827,us,us3_ms,
/Users/vladimir/Projects/ALPR/ocr_model/us3/usimages/ms1467.png,RFI947,us,us3_ms,
/Users/vladimir/Projects/ALPR/ocr_model/us3/usimages/ms1551.png,N3934,us,us3_ms,
/Users/vladimir/Projects/ALPR/ocr_model/us3/usimages/ms456.png,HNP739,us,us3_ms,
/Users/vladimir/Projects/ALPR/ocr_model/us3/usimages/ms458.png,KTA001,us,us3_ms,
/Users/vladimir/Projects/ALPR/ocr_model/us3/usimages/ms478.png,123ABC,us,us3_ms,
/Users/vladimir/Projects/ALPR/ocr_model/us3/usimages/ms527.png,HNQ196,us,us3_ms,
/Users/vladimir/Projects/ALPR/ocr_model/us3/usimages/ms639.png,TAD856,us,us3_ms,
/Users/vladimir/Projects/ALPR/ocr_model/us3/usimages/ms909.png,2AH616,us,us3_ms,
/Users/vladimir/Projects/ALPR/ocr_model/us3/usimages/mt155.png,404148A,us,us3_mt,
/Users/vladimir/Projects/ALPR/ocr_model/us3/usimages/nc1010.png,TZY6473,us,us3_nc,
/Users/vladimir/Projects/ALPR/ocr_model/us3/usimages/nc1079.png,WWM5953,us,us3_nc,
/Users/vladimir/Projects/ALPR/ocr_model/us3/usimages/nc1116.png,0594,us,us3_nc,
/Users/vladimir/Projects/ALPR/ocr_model/us3/usimages/nc1126.png,1TARHEELS,us,us3_nc,
/Users/vladimir/Projects/ALPR/ocr_model/us3/usimages/nc1202.png,LXK5176,us,us3_nc,
/Users/vladimir/Projects/ALPR/ocr_model/us3/usimages/nc1289.png,ZVN3934,us,us3_nc,
/Users/vladimir/Projects/ALPR/ocr_model/us3/usimages/nc1309.png,SHP1561,us,us3_nc,
/Users/vladimir/Projects/ALPR/ocr_model/us3/usimages/nc1407.png,KWV3918,us,us3_nc,
/Users/vladimir/Projects/ALPR/ocr_model/us3/usimages/nc1443.png,2250,us,us3_nc,
/Users/vladimir/Projects/ALPR/ocr_model/us3/usimages/nc1488.png,WXF7388,us,us3_nc,
/Users/vladimir/Projects/ALPR/ocr_model/us3/usimages/nc1499.png,G0945,us,us3_nc,
/Users/vladimir/Projects/ALPR/ocr_model/us3/usimages/nc1531.png,WTB9154,us,us3_nc,
/Users/vladimir/Projects/ALPR/ocr_model/us3/usimages/nc1570.png,SXN9714,us,us3_nc,
/Users/vladimir/Projects/ALPR/ocr_model/us3/usimages/nc1579.png,KYP4595,us,us3_nc,
/Users/vladimir/Projects/ALPR/ocr_model/us3/usimages/nc1655.png,EXN2894,us,us3_nc,
/Users/vladimir/Projects/ALPR/ocr_model/us3/usimages/nc216.png,XHILR8N1,us,us3_nc,
/Users/vladimir/Projects/ALPR/ocr_model/us3/usimages/nc224.png,E074,us,us3_nc,
/Users/vladimir/Projects/ALPR/ocr_model/us3/usimages/nc436.png,T2R,us,us3_nc,
/Users/vladimir/Projects/ALPR/ocr_model/us3/usimages/nc489.png,RBS84,us,us3_nc,
/Users/vladimir/Projects/ALPR/ocr_model/us3/usimages/nc514.png,MTC5982,us,us3_nc,
/Users/vladimir/Projects/ALPR/ocr_model/us3/usimages/nc541.png,CURE4HD,us,us3_nc,
/Users/vladimir/Projects/ALPR/ocr_model/us3/usimages/nc551.png,JSD7911,us,us3_nc,
/Users/vladimir/Projects/ALPR/ocr_model/us3/usimages/nc610.png,2861,us,us3_nc,
/Users/vladimir/Projects/ALPR/ocr_model/us3/usimages/nc615.png,WYF8749,us,us3_nc,
/Users/vladimir/Projects/ALPR/ocr_model/us3/usimages/nc724.png,CVS20E,us,us3_nc,
/Users/vladimir/Projects/ALPR/ocr_model/us3/usimages/nc79.png,0BX40699,us,us3_nc,
/Users/vladimir/Projects/ALPR/ocr_model/us3/usimages/nc812.png,3887,us,us3_nc,
/Users/vladimir/Projects/ALPR/ocr_model/us3/usimages/nc86.png,ANZ2431,us,us3_nc,
/Users/vladimir/Projects/ALPR/ocr_model/us3/usimages/nc946.png,MNA6704,us,us3_nc,
/Users/vladimir/Projects/ALPR/ocr_model/us3/usimages/nc969.png,SWEETTHING,us,us3_nc,
/Users/vladimir/Projects/ALPR/ocr_model/us3/usimages/nc977.png,Q0900,us,us3_nc,
/Users/vladimir/Projects/ALPR/ocr_model/us3/usimages/nd1227.png,CHVYSSR,us,us3_nd,
/Users/vladimir/Projects/ALPR/ocr_model/us3/usimages/nd1372.png,GXJ915,us,us3_nd,
/Users/vladimir/Projects/ALPR/ocr_model/us3/usimages/nd1381.png,PL8DB8,us,us3_nd,
/Users/vladimir/Projects/ALPR/ocr_model/us3/usimages/nd1452.png,GTF063,us,us3_nd,
/Users/vladimir/Projects/ALPR/ocr_model/us3/usimages/nd1525.png,ENC239,us,us3_nd,
/Users/vladimir/Projects/ALPR/ocr_model/us3/usimages/nd1568.png,ECT977,us,us3_nd,
/Users/vladimir/Projects/ALPR/ocr_model/us3/usimages/nd1660.png,DJP638,us,us3_nd,
/Users/vladimir/Projects/ALPR/ocr_model/us3/usimages/nd272.png,DWH486,us,us3_nd,
/Users/vladimir/Projects/ALPR/ocr_model/us3/usimages/nd343.png,73011,us,us3_nd,
/Users/vladimir/Projects/ALPR/ocr_model/us3/usimages/nd563.png,JLS011,us,us3_nd,
/Users/vladimir/Projects/ALPR/ocr_model/us3/usimages/nd662.png,HGM083,us,us3_nd,
/Users/vladimir/Projects/ALPR/ocr_model/us3/usimages/nd916.png,BB63,us,us3_nd,
/Users/vladimir/Projects/ALPR/ocr_model/us3/usimages/nd93.png,HNB773,us,us3_nd,
/Users/vladimir/Projects/ALPR/ocr_model/us3/usimages/nd99.png,HCA520,us,us3_nd,
/Users/vladimir/Projects/ALPR/ocr_model/us3/usimages/ne280.png,0JW695,us,us3_ne,
/Users/vladimir/Projects/ALPR/ocr_model/us3/usimages/ne745.png,5D2772,us,us3_ne,
/Users/vladimir/Projects/ALPR/ocr_model/us3/usimages/ne790.png,0JT898,us,us3_ne,
/Users/vladimir/Projects/ALPR/ocr_model/us3/usimages/ne90.png,0RZ466,us,us3_ne,
/Users/vladimir/Projects/ALPR/ocr_model/us3/usimages/ne979.png,RJL946,us,us3_ne,
/Users/vladimir/Projects/ALPR/ocr_model/us3/usimages/nh1244.png,QUILLS,us,us3_nh,
/Users/vladimir/Projects/ALPR/ocr_model/us3/usimages/nh1273.png,S0X1FAN,us,us3_nh,
/Users/vladimir/Projects/ALPR/ocr_model/us3/usimages/nh1411.png,2494264,us,us3_nh,
/Users/vladimir/Projects/ALPR/ocr_model/us3/usimages/nh1470.png,9C067,us,us3_nh,
/Users/vladimir/Projects/ALPR/ocr_model/us3/usimages/nh150.png,1410502,us,us3_nh,
/Users/vladimir/Projects/ALPR/ocr_model/us3/usimages/nh1557.png,FIX169C,us,us3_nh,
/Users/vladimir/Projects/ALPR/ocr_model/us3/usimages/nh228.png,760952,us,us3_nh,
/Users/vladimir/Projects/ALPR/ocr_model/us3/usimages/nh247.png,REBIZ,us,us3_nh,
/Users/vladimir/Projects/ALPR/ocr_model/us3/usimages/nh326.png,UBUNTU,us,us3_nh,
/Users/vladimir/Projects/ALPR/ocr_model/us3/usimages/nh567.png,2085885,us,us3_nh,
/Users/vladimir/Projects/ALPR/ocr_model/us3/usimages/nh598.png,NFFE,us,us3_nh,
/Users/vladimir/Projects/ALPR/ocr_model/us3/usimages/nh605.png,1859C,us,us3_nh,
/Users/vladimir/Projects/ALPR/ocr_model/us3/usimages/nh71.png,2499275,us,us3_nh,
/Users/vladimir/Projects/ALPR/ocr_model/us3/usimages/nh738.png,548873,us,us3_nh,
/Users/vladimir/Projects/ALPR/ocr_model/us3/usimages/nh763.png,FATCHX,us,us3_nh,
/Users/vladimir/Projects/ALPR/ocr_model/us3/usimages/nh799.png,2470410,us,us3_nh,
/Users/vladimir/Projects/ALPR/ocr_model/us3/usimages/nh811.png,GAGGED,us,us3_nh,
/Users/vladimir/Projects/ALPR/ocr_model/us3/usimages/nh846.png,541245,us,us3_nh,
/Users/vladimir/Projects/ALPR/ocr_model/us3/usimages/nh882.png,2757814,us,us3_nh,
/Users/vladimir/Projects/ALPR/ocr_model/us3/usimages/nh932.png,1041608,us,us3_nh,
/Users/vladimir/Projects/ALPR/ocr_model/us3/usimages/nh936.png,2635819,us,us3_nh,
/Users/vladimir/Projects/ALPR/ocr_model/us3/usimages/nj104.png,KLX41C,us,us3_nj,
/Users/vladimir/Projects/ALPR/ocr_model/us3/usimages/nj1174.png,KAP0R0,us,us3_nj,
/Users/vladimir/Projects/ALPR/ocr_model/us3/usimages/nj1238.png,W17K,us,us3_nj,
/Users/vladimir/Projects/ALPR/ocr_model/us3/usimages/nj1257.png,AAA0000,us,us3_nj,
/Users/vladimir/Projects/ALPR/ocr_model/us3/usimages/nj1428.png,PLT65K,us,us3_nj,
/Users/vladimir/Projects/ALPR/ocr_model/us3/usimages/nj1497.png,R34AAF,us,us3_nj,
/Users/vladimir/Projects/ALPR/ocr_model/us3/usimages/nj1520.png,ZLR10N,us,us3_nj,
/Users/vladimir/Projects/ALPR/ocr_model/us3/usimages/nj243.png,5520,us,us3_nj,
/Users/vladimir/Projects/ALPR/ocr_model/us3/usimages/nj250.png,UXX71N,us,us3_nj,
/Users/vladimir/Projects/ALPR/ocr_model/us3/usimages/nj348.png,KLX41C,us,us3_nj,
/Users/vladimir/Projects/ALPR/ocr_model/us3/usimages/nj389.png,NPJ26F,us,us3_nj,
/Users/vladimir/Projects/ALPR/ocr_model/us3/usimages/nj45.png,BY993E,us,us3_nj,
/Users/vladimir/Projects/ALPR/ocr_model/us3/usimages/nj479.png,SAMP,us,us3_nj,
/Users/vladimir/Projects/ALPR/ocr_model/us3/usimages/nj552.png,YAH87F,us,us3_nj,
/Users/vladimir/Projects/ALPR/ocr_model/us3/usimages/nj600.png,ZUP36A,us,us3_nj,
/Users/vladimir/Projects/ALPR/ocr_model/us3/usimages/nj611.png,RPR15J,us,us3_nj,
/Users/vladimir/Projects/ALPR/ocr_model/us3/usimages/nj63.png,JYR91E,us,us3_nj,
/Users/vladimir/Projects/ALPR/ocr_model/us3/usimages/nj654.png,2422,us,us3_nj,
/Users/vladimir/Projects/ALPR/ocr_model/us3/usimages/nj683.png,EVZ135,us,us3_nj,
/Users/vladimir/Projects/ALPR/ocr_model/us3/usimages/nj754.png,UAA47C,us,us3_nj,
/Users/vladimir/Projects/ALPR/ocr_model/us3/usimages/nj814.png,D15AEC,us,us3_nj,
/Users/vladimir/Projects/ALPR/ocr_model/us3/usimages/nj864.png,ZMU91A,us,us3_nj,
/Users/vladimir/Projects/ALPR/ocr_model/us3/usimages/nj885.png,RZJ80D,us,us3_nj,
/Users/vladimir/Projects/ALPR/ocr_model/us3/usimages/nj891.png,NZV97Y,us,us3_nj,
/Users/vladimir/Projects/ALPR/ocr_model/us3/usimages/nj92.png,ZCS74S,us,us3_nj,
/Users/vladimir/Projects/ALPR/ocr_model/us3/usimages/nj937.png,BUYME,us,us3_nj,
/Users/vladimir/Projects/ALPR/ocr_model/us3/usimages/nm1265.png,LLY441,us,us3_nm,
/Users/vladimir/Projects/ALPR/ocr_model/us3/usimages/nm1423.png,LLL333,us,us3_nm,
/Users/vladimir/Projects/ALPR/ocr_model/us3/usimages/nm373.png,NM100,us,us3_nm,
/Users/vladimir/Projects/ALPR/ocr_model/us3/usimages/nm576.png,LMB203,us,us3_nm,
/Users/vladimir/Projects/ALPR/ocr_model/us3/usimages/nm582.png,LMS301,us,us3_nm,
/Users/vladimir/Projects/ALPR/ocr_model/us3/usimages/nm647.png,LJK920,us,us3_nm,
/Users/vladimir/Projects/ALPR/ocr_model/us3/usimages/nm922.png,LJM367,us,us3_nm,
/Users/vladimir/Projects/ALPR/ocr_model/us3/usimages/nv100.png,LUVP0KR,us,us3_nv,
/Users/vladimir/Projects/ALPR/ocr_model/us3/usimages/nv1086.png,670SGU,us,us3_nv,
/Users/vladimir/Projects/ALPR/ocr_model/us3/usimages/nv1279.png,CRKSCRW,us,us3_nv,
/Users/vladimir/Projects/ALPR/ocr_model/us3/usimages/nv1414.png,470MYF,us,us3_nv,
/Users/vladimir/Projects/ALPR/ocr_model/us3/usimages/nv1583.png,326NEB,us,us3_nv,
/Users/vladimir/Projects/ALPR/ocr_model/us3/usimages/nv1597.png,259PWK,us,us3_nv,
/Users/vladimir/Projects/ALPR/ocr_model/us3/usimages/nv1624.png,212UJM,us,us3_nv,
/Users/vladimir/Projects/ALPR/ocr_model/us3/usimages/nv1665.png,418WBB,us,us3_nv,
/Users/vladimir/Projects/ALPR/ocr_model/us3/usimages/nv1667.png,351WLA,us,us3_nv,
/Users/vladimir/Projects/ALPR/ocr_model/us3/usimages/nv442.png,BATMANX,us,us3_nv,
/Users/vladimir/Projects/ALPR/ocr_model/us3/usimages/nv464.png,DD8UGY,us,us3_nv,
/Users/vladimir/Projects/ALPR/ocr_model/us3/usimages/nv483.png,552PML,us,us3_nv,
/Users/vladimir/Projects/ALPR/ocr_model/us3/usimages/nv497.png,094MWJ,us,us3_nv,
/Users/vladimir/Projects/ALPR/ocr_model/us3/usimages/nv604.png,673NTE,us,us3_nv,
/Users/vladimir/Projects/ALPR/ocr_model/us3/usimages/nv637.png,650VYM,us,us3_nv,
/Users/vladimir/Projects/ALPR/ocr_model/us3/usimages/nv679.png,599MAR,us,us3_nv,
/Users/vladimir/Projects/ALPR/ocr_model/us3/usimages/nv698.png,LTLGT0,us,us3_nv,
/Users/vladimir/Projects/ALPR/ocr_model/us3/usimages/nv756.png,839VGA,us,us3_nv,
/Users/vladimir/Projects/ALPR/ocr_model/us3/usimages/nv831.png,304SZT,us,us3_nv,
/Users/vladimir/Projects/ALPR/ocr_model/us3/usimages/nv940.png,057SMF,us,us3_nv,
/Users/vladimir/Projects/ALPR/ocr_model/us3/usimages/nv952.png,936MTB,us,us3_nv,
/Users/vladimir/Projects/ALPR/ocr_model/us3/usimages/ny1077.png,ADL4681,us,us3_ny,
/Users/vladimir/Projects/ALPR/ocr_model/us3/usimages/ny1110.png,CHT9032,us,us3_ny,
/Users/vladimir/Projects/ALPR/ocr_model/us3/usimages/ny1166.png,FAE5954,us,us3_ny,
/Users/vladimir/Projects/ALPR/ocr_model/us3/usimages/ny1237.png,ACX7518,us,us3_ny,
/Users/vladimir/Projects/ALPR/ocr_model/us3/usimages/ny1255.png,ABC2345,us,us3_ny,
/Users/vladimir/Projects/ALPR/ocr_model/us3/usimages/ny1496.png,EAZ6913,us,us3_ny,
/Users/vladimir/Projects/ALPR/ocr_model/us3/usimages/ny1517.png,FBR1449,us,us3_ny,
/Users/vladimir/Projects/ALPR/ocr_model/us3/usimages/ny1663.png,NUYAWRK,us,us3_ny,
/Users/vladimir/Projects/ALPR/ocr_model/us3/usimages/ny279.png,DCG6624,us,us3_ny,
/Users/vladimir/Projects/ALPR/ocr_model/us3/usimages/ny466.png,FAA4563,us,us3_ny,
/Users/vladimir/Projects/ALPR/ocr_model/us3/usimages/ny524.png,FAE6137,us,us3_ny,
/Users/vladimir/Projects/ALPR/ocr_model/us3/usimages/ny599.png,PADDL10S,us,us3_ny,
/Users/vladimir/Projects/ALPR/ocr_model/us3/usimages/ny705.png,ABC2345,us,us3_ny,
/Users/vladimir/Projects/ALPR/ocr_model/us3/usimages/ny717.png,AFV5000,us,us3_ny,
/Users/vladimir/Projects/ALPR/ocr_model/us3/usimages/ny749.png,10FB87,us,us3_ny,
/Users/vladimir/Projects/ALPR/ocr_model/us3/usimages/ny873.png,AAA2208,us,us3_ny,
/Users/vladimir/Projects/ALPR/ocr_model/us3/usimages/ny942.png,FCP5943,us,us3_ny,
/Users/vladimir/Projects/ALPR/ocr_model/us3/usimages/ny986.png,ATL7457,us,us3_ny,
/Users/vladimir/Projects/ALPR/ocr_model/us3/usimages/oh1158.png,MCH1256,us,us3_oh,
/Users/vladimir/Projects/ALPR/ocr_model/us3/usimages/oh1631.png,DWQ5780,us,us3_oh,
/Users/vladimir/Projects/ALPR/ocr_model/us3/usimages/oh200.png,DIS6847,us,us3_oh,
/Users/vladimir/Projects/ALPR/ocr_model/us3/usimages/oh862.png,29HSP,us,us3_oh,
/Users/vladimir/Projects/ALPR/ocr_model/us3/usimages/ok1101.png,676DWS,us,us3_ok,
/Users/vladimir/Projects/ALPR/ocr_model/us3/usimages/ok1261.png,202AER,us,us3_ok,
/Users/vladimir/Projects/ALPR/ocr_model/us3/usimages/ok1344.png,321FEE,us,us3_ok,
/Users/vladimir/Projects/ALPR/ocr_model/us3/usimages/ok48.png,FBH476,us,us3_ok,
/Users/vladimir/Projects/ALPR/ocr_model/us3/usimages/ok556.png,093GOK,us,us3_ok,
/Users/vladimir/Projects/ALPR/ocr_model/us3/usimages/ok667.png,786EQY,us,us3_ok,
/Users/vladimir/Projects/ALPR/ocr_model/us3/usimages/ok919.png,002AGN,us,us3_ok,
/Users/vladimir/Projects/ALPR/ocr_model/us3/usimages/or1034.png,526BQU,us,us3_or,
/Users/vladimir/Projects/ALPR/ocr_model/us3/usimages/or124.png,941EXW,us,us3_or,
/Users/vladimir/Projects/ALPR/ocr_model/us3/usimages/or1303.png,09144,us,us3_or,
/Users/vladimir/Projects/ALPR/ocr_model/us3/usimages/or1331.png,UVE567,us,us3_or,
/Users/vladimir/Projects/ALPR/ocr_model/us3/usimages/or1459.png,XSZ075,us,us3_or,
/Users/vladimir/Projects/ALPR/ocr_model/us3/usimages/or1509.png,UZP660,us,us3_or,
/Users/vladimir/Projects/ALPR/ocr_model/us3/usimages/or1609.png,UWQ789,us,us3_or,
/Users/vladimir/Projects/ALPR/ocr_model/us3/usimages/or1623.png,SKT517,us,us3_or,
/Users/vladimir/Projects/ALPR/ocr_model/us3/usimages/or206.png,000BBB,us,us3_or,
/Users/vladimir/Projects/ALPR/ocr_model/us3/usimages/or240.png,L0LWUT,us,us3_or,
/Users/vladimir/Projects/ALPR/ocr_model/us3/usimages/or256.png,942FQL,us,us3_or,
/Users/vladimir/Projects/ALPR/ocr_model/us3/usimages/or266.png,NY2ND,us,us3_or,
/Users/vladimir/Projects/ALPR/ocr_model/us3/usimages/or270.png,ANYTEXT,us,us3_or,
/Users/vladimir/Projects/ALPR/ocr_model/us3/usimages/or382.png,TAE351,us,us3_or,
/Users/vladimir/Projects/ALPR/ocr_model/us3/usimages/or439.png,UNF121,us,us3_or,
/Users/vladimir/Projects/ALPR/ocr_model/us3/usimages/or526.png,00617,us,us3_or,
/Users/vladimir/Projects/ALPR/ocr_model/us3/usimages/or612.png,UKS949,us,us3_or,
/Users/vladimir/Projects/ALPR/ocr_model/us3/usimages/or795.png,04503,us,us3_or,
/Users/vladimir/Projects/ALPR/ocr_model/us3/usimages/or822.png,YDR431,us,us3_or,
/Users/vladimir/Projects/ALPR/ocr_model/us3/usimages/or907.png,149BPB,us,us3_or,
/Users/vladimir/Projects/ALPR/ocr_model/us3/usimages/or985.png,34230,us,us3_or,
/Users/vladimir/Projects/ALPR/ocr_model/us3/usimages/pa1183.png,GGG0563,us,us3_pa,
/Users/vladimir/Projects/ALPR/ocr_model/us3/usimages/pa118.png,PMM33,us,us3_pa,
/Users/vladimir/Projects/ALPR/ocr_model/us3/usimages/pa1211.png,M0T0RZ,us,us3_pa,
/Users/vladimir/Projects/ALPR/ocr_model/us3/usimages/pa1286.png,IQU010,us,us3_pa,
/Users/vladimir/Projects/ALPR/ocr_model/us3/usimages/pa1451.png,XCG6033,us,us3_pa,
/Users/vladimir/Projects/ALPR/ocr_model/us3/usimages/pa1600.png,YYX2828,us,us3_pa,
/Users/vladimir/Projects/ALPR/ocr_model/us3/usimages/pa1632.png,GHG5269,us,us3_pa,
/Users/vladimir/Projects/ALPR/ocr_model/us3/usimages/pa1652.png,DYL4905,us,us3_pa,
/Users/vladimir/Projects/ALPR/ocr_model/us3/usimages/pa357.png,EHE8237,us,us3_pa,
/Users/vladimir/Projects/ALPR/ocr_model/us3/usimages/pa374.png,ANYTEXT,us,us3_pa,
/Users/vladimir/Projects/ALPR/ocr_model/us3/usimages/pa411.png,GTM8445,us,us3_pa,
/Users/vladimir/Projects/ALPR/ocr_model/us3/usimages/pa525.png,PAPL8S,us,us3_pa,
/Users/vladimir/Projects/ALPR/ocr_model/us3/usimages/pa534.png,ASUKA,us,us3_pa,
/Users/vladimir/Projects/ALPR/ocr_model/us3/usimages/pa584.png,HPP4120,us,us3_pa,
/Users/vladimir/Projects/ALPR/ocr_model/us3/usimages/pa845.png,DVK0943,us,us3_pa,
/Users/vladimir/Projects/ALPR/ocr_model/us3/usimages/pa905.png,GTX8962,us,us3_pa,
/Users/vladimir/Projects/ALPR/ocr_model/us3/usimages/pa958.png,M0T0RZ,us,us3_pa,
/Users/vladimir/Projects/ALPR/ocr_model/us3/usimages/ri1020.png,WA763,us,us3_ri,
/Users/vladimir/Projects/ALPR/ocr_model/us3/usimages/ri1080.png,12345,us,us3_ri,
/Users/vladimir/Projects/ALPR/ocr_model/us3/usimages/ri1275.png,QQ839,us,us3_ri,
/Users/vladimir/Projects/ALPR/ocr_model/us3/usimages/ri1558.png,XO706,us,us3_ri,
/Users/vladimir/Projects/ALPR/ocr_model/us3/usimages/ri1634.png,MX117,us,us3_ri,
/Users/vladimir/Projects/ALPR/ocr_model/us3/usimages/ri165.png,GB634,us,us3_ri,
/Users/vladimir/Projects/ALPR/ocr_model/us3/usimages/ri267.png,697241,us,us3_ri,
/Users/vladimir/Projects/ALPR/ocr_model/us3/usimages/ri342.png,KS693,us,us3_ri,
/Users/vladimir/Projects/ALPR/ocr_model/us3/usimages/ri502.png,723579,us,us3_ri,
/Users/vladimir/Projects/ALPR/ocr_model/us3/usimages/ri562.png,WA763,us,us3_ri,
/Users/vladimir/Projects/ALPR/ocr_model/us3/usimages/ri583.png,EE674,us,us3_ri,
/Users/vladimir/Projects/ALPR/ocr_model/us3/usimages/ri649.png,713731,us,us3_ri,
/Users/vladimir/Projects/ALPR/ocr_model/us3/usimages/ri65.png,ZT714,us,us3_ri,
/Users/vladimir/Projects/ALPR/ocr_model/us3/usimages/ri669.png,EV516,us,us3_ri,
/Users/vladimir/Projects/ALPR/ocr_model/us3/usimages/ri797.png,QT743,us,us3_ri,
/Users/vladimir/Projects/ALPR/ocr_model/us3/usimages/ri840.png,934219,us,us3_ri,
/Users/vladimir/Projects/ALPR/ocr_model/us3/usimages/ri892.png,VO820,us,us3_ri,
/Users/vladimir/Projects/ALPR/ocr_model/us3/usimages/ri939.png,714625,us,us3_ri,
/Users/vladimir/Projects/ALPR/ocr_model/us3/usimages/ri956.png,NV298,us,us3_ri,
/Users/vladimir/Projects/ALPR/ocr_model/us3/usimages/sc1026.png,GJE176,us,us3_sc,
/Users/vladimir/Projects/ALPR/ocr_model/us3/usimages/sc1114.png,ABC123,us,us3_sc,
/Users/vladimir/Projects/ALPR/ocr_model/us3/usimages/sc412.png,GCG668,us,us3_sc,
/Users/vladimir/Projects/ALPR/ocr_model/us3/usimages/sc432.png,CDI441,us,us3_sc,
/Users/vladimir/Projects/ALPR/ocr_model/us3/usimages/sc440.png,BWB725,us,us3_sc,
/Users/vladimir/Projects/ALPR/ocr_model/us3/usimages/sd1068.png,1NU656,us,us3_sd,
/Users/vladimir/Projects/ALPR/ocr_model/us3/usimages/sd186.png,29CA53,us,us3_sd,
/Users/vladimir/Projects/ALPR/ocr_model/us3/usimages/sd300.png,1NU656,us,us3_sd,
/Users/vladimir/Projects/ALPR/ocr_model/us3/usimages/sd46.png,MG2403,us,us3_sd,
/Users/vladimir/Projects/ALPR/ocr_model/us3/usimages/sd486.png,1WG011,us,us3_sd,
/Users/vladimir/Projects/ALPR/ocr_model/us3/usimages/sd904.png,MM6533,us,us3_sd,
/Users/vladimir/Projects/ALPR/ocr_model/us3/usimages/sd983.png,2PL015,us,us3_sd,
/Users/vladimir/Projects/ALPR/ocr_model/us3/usimages/tn1220.png,824VFP,us,us3_tn,
/Users/vladimir/Projects/ALPR/ocr_model/us3/usimages/tn1274.png,999QLM,us,us3_tn,
/Users/vladimir/Projects/ALPR/ocr_model/us3/usimages/tn14.png,0UTFR0NT,us,us3_tn,
/Users/vladimir/Projects/ALPR/ocr_model/us3/usimages/tn1647.png,345KHC,us,us3_tn,
/Users/vladimir/Projects/ALPR/ocr_model/us3/usimages/tn1659.png,005GFN,us,us3_tn,
/Users/vladimir/Projects/ALPR/ocr_model/us3/usimages/tn211.png,738FKH,us,us3_tn,
/Users/vladimir/Projects/ALPR/ocr_model/us3/usimages/tn231.png,594CYK,us,us3_tn,
/Users/vladimir/Projects/ALPR/ocr_model/us3/usimages/tn821.png,666CYL,us,us3_tn,
/Users/vladimir/Projects/ALPR/ocr_model/us3/usimages/tn8.png,270BFJ,us,us3_tn,
/Users/vladimir/Projects/ALPR/ocr_model/us3/usimages/tx1006.png,BB1B001,us,us3_tx,
/Users/vladimir/Projects/ALPR/ocr_model/us3/usimages/tx1023.png,697BBJ,us,us3_tx,
/Users/vladimir/Projects/ALPR/ocr_model/us3/usimages/tx1030.png,BB1B001,us,us3_tx,
/Users/vladimir/Projects/ALPR/ocr_model/us3/usimages/tx128.png,BH8G151,us,us3_tx,
/Users/vladimir/Projects/ALPR/ocr_model/us3/usimages/tx1455.png,BC5X489,us,us3_tx,
/Users/vladimir/Projects/ALPR/ocr_model/us3/usimages/tx1552.png,DB8R369,us,us3_tx,
/Users/vladimir/Projects/ALPR/ocr_model/us3/usimages/tx1573.png,BB1B001,us,us3_tx,
/Users/vladimir/Projects/ALPR/ocr_model/us3/usimages/tx194.png,BM5T299,us,us3_tx,
/Users/vladimir/Projects/ALPR/ocr_model/us3/usimages/tx299.png,CK3H547,us,us3_tx,
/Users/vladimir/Projects/ALPR/ocr_model/us3/usimages/tx39.png,BB9H906,us,us3_tx,
/Users/vladimir/Projects/ALPR/ocr_model/us3/usimages/ut1091.png,622ZUP,us,us3_ut,
/Users/vladimir/Projects/ALPR/ocr_model/us3/usimages/ut111.png,Z860VT,us,us3_ut,
/Users/vladimir/Projects/ALPR/ocr_model/us3/usimages/ut1476.png,TENKARA,us,us3_ut,
/Users/vladimir/Projects/ALPR/ocr_model/us3/usimages/ut427.png,887ZFB,us,us3_ut,
/Users/vladimir/Projects/ALPR/ocr_model/us3/usimages/ut741.png,Z387RY,us,us3_ut,
/Users/vladimir/Projects/ALPR/ocr_model/us3/usimages/ut908.png,Z822AA,us,us3_ut,
/Users/vladimir/Projects/ALPR/ocr_model/us3/usimages/ut993.png,Z697BP,us,us3_ut,
/Users/vladimir/Projects/ALPR/ocr_model/us3/usimages/va1011.png,602013,us,us3_va,
/Users/vladimir/Projects/ALPR/ocr_model/us3/usimages/va1033.png,UZ5354,us,us3_va,
/Users/vladimir/Projects/ALPR/ocr_model/us3/usimages/va1037.png,P0PQIZ,us,us3_va,
/Users/vladimir/Projects/ALPR/ocr_model/us3/usimages/va1067.png,JND8425,us,us3_va,
/Users/vladimir/Projects/ALPR/ocr_model/us3/usimages/va1072.png,LW1257,us,us3_va,
/Users/vladimir/Projects/ALPR/ocr_model/us3/usimages/va1082.png,NUTSACK,us,us3_va,
/Users/vladimir/Projects/ALPR/ocr_model/us3/usimages/va1128.png,YJH7538,us,us3_va,
/Users/vladimir/Projects/ALPR/ocr_model/us3/usimages/va1137.png,XGK9239,us,us3_va,
/Users/vladimir/Projects/ALPR/ocr_model/us3/usimages/va1164.png,1416EH,us,us3_va,
/Users/vladimir/Projects/ALPR/ocr_model/us3/usimages/va1190.png,WM2048,us,us3_va,
/Users/vladimir/Projects/ALPR/ocr_model/us3/usimages/va1192.png,EECW,us,us3_va,
/Users/vladimir/Projects/ALPR/ocr_model/us3/usimages/va1229.png,4798WD,us,us3_va,
/Users/vladimir/Projects/ALPR/ocr_model/us3/usimages/va1299.png,CN1309,us,us3_va,
/Users/vladimir/Projects/ALPR/ocr_model/us3/usimages/va1368.png,9999CF,us,us3_va,
/Users/vladimir/Projects/ALPR/ocr_model/us3/usimages/va1401.png,PF4415,us,us3_va,
/Users/vladimir/Projects/ALPR/ocr_model/us3/usimages/va1437.png,1338UN,us,us3_va,
/Users/vladimir/Projects/ALPR/ocr_model/us3/usimages/va1463.png,ZUC7951,us,us3_va,
/Users/vladimir/Projects/ALPR/ocr_model/us3/usimages/va1503.png,JAM7122,us,us3_va,
/Users/vladimir/Projects/ALPR/ocr_model/us3/usimages/va1523.png,KGV5561,us,us3_va,
/Users/vladimir/Projects/ALPR/ocr_model/us3/usimages/va1664.png,265257,us,us3_va,
/Users/vladimir/Projects/ALPR/ocr_model/us3/usimages/va183.png,2291TK,us,us3_va,
/Users/vladimir/Projects/ALPR/ocr_model/us3/usimages/va236.png,ABD1840,us,us3_va,
/Users/vladimir/Projects/ALPR/ocr_model/us3/usimages/va314.png,PS2411,us,us3_va,
/Users/vladimir/Projects/ALPR/ocr_model/us3/usimages/va341.png,1333LE,us,us3_va,
/Users/vladimir/Projects/ALPR/ocr_model/us3/usimages/va398.png,ANTIG0V,us,us3_va,
/Users/vladimir/Projects/ALPR/ocr_model/us3/usimages/va3.png,LLA1000,us,us3_va,
/Users/vladimir/Projects/ALPR/ocr_model/us3/usimages/va445.png,1279AX,us,us3_va,
/Users/vladimir/Projects/ALPR/ocr_model/us3/usimages/va459.png,9999CF,us,us3_va,
/Users/vladimir/Projects/ALPR/ocr_model/us3/usimages/va469.png,1361HI,us,us3_va,
/Users/vladimir/Projects/ALPR/ocr_model/us3/usimages/va558.png,JRZYSHR,us,us3_va,
/Users/vladimir/Projects/ALPR/ocr_model/us3/usimages/va636.png,1255GM,us,us3_va,
/Users/vladimir/Projects/ALPR/ocr_model/us3/usimages/va670.png,ACP4019,us,us3_va,
/Users/vladimir/Projects/ALPR/ocr_model/us3/usimages/va803.png,URSAE,us,us3_va,
/Users/vladimir/Projects/ALPR/ocr_model/us3/usimages/va82.png,25895J,us,us3_va,
/Users/vladimir/Projects/ALPR/ocr_model/us3/usimages/va961.png,XXJ6610,us,us3_va,
/Users/vladimir/Projects/ALPR/ocr_model/us3/usimages/vt108.png,BKW119,us,us3_vt,
/Users/vladimir/Projects/ALPR/ocr_model/us3/usimages/vt1092.png,GUTSY,us,us3_vt,
/Users/vladimir/Projects/ALPR/ocr_model/us3/usimages/vt121.png,CSN932,us,us3_vt,
/Users/vladimir/Projects/ALPR/ocr_model/us3/usimages/vt1305.png,APC838,us,us3_vt,
/Users/vladimir/Projects/ALPR/ocr_model/us3/usimages/vt1425.png,CBB812,us,us3_vt,
/Users/vladimir/Projects/ALPR/ocr_model/us3/usimages/vt201.png,CKA375,us,us3_vt,
/Users/vladimir/Projects/ALPR/ocr_model/us3/usimages/vt251.png,HAVFUN,us,us3_vt,
/Users/vladimir/Projects/ALPR/ocr_model/us3/usimages/vt268.png,0,us,us3_vt,
/Users/vladimir/Projects/ALPR/ocr_model/us3/usimages/vt315.png,0,us,us3_vt,
/Users/vladimir/Projects/ALPR/ocr_model/us3/usimages/vt370.png,BRRRR,us,us3_vt,
/Users/vladimir/Projects/ALPR/ocr_model/us3/usimages/vt635.png,ANYTEXT,us,us3_vt,
/Users/vladimir/Projects/ALPR/ocr_model/us3/usimages/vt706.png,0,us,us3_vt,
/Users/vladimir/Projects/ALPR/ocr_model/us3/usimages/vt792.png,19012,us,us3_vt,
/Users/vladimir/Projects/ALPR/ocr_model/us3/usimages/vt964.png,CKB941,us,us3_vt,
/Users/vladimir/Projects/ALPR/ocr_model/us3/usimages/vt988.png,ANH453,us,us3_vt,
/Users/vladimir/Projects/ALPR/ocr_model/us3/usimages/vt9.png,7684,us,us3_vt,
/Users/vladimir/Projects/ALPR/ocr_model/us3/usimages/wa1071.png,PRIVACY,us,us3_wa,
/Users/vladimir/Projects/ALPR/ocr_model/us3/usimages/wa1129.png,878PEG,us,us3_wa,
/Users/vladimir/Projects/ALPR/ocr_model/us3/usimages/wa114.png,GR0WAPR,us,us3_wa,
/Users/vladimir/Projects/ALPR/ocr_model/us3/usimages/wa1188.png,ANYTEXT,us,us3_wa,
/Users/vladimir/Projects/ALPR/ocr_model/us3/usimages/wa1239.png,922RIE,us,us3_wa,
/Users/vladimir/Projects/ALPR/ocr_model/us3/usimages/wa1241.png,12132W,us,us3_wa,
/Users/vladimir/Projects/ALPR/ocr_model/us3/usimages/wa1412.png,222NNN,us,us3_wa,
/Users/vladimir/Projects/ALPR/ocr_model/us3/usimages/wa1439.png,627WWI,us,us3_wa,
/Users/vladimir/Projects/ALPR/ocr_model/us3/usimages/wa1456.png,135KEU,us,us3_wa,
/Users/vladimir/Projects/ALPR/ocr_model/us3/usimages/wa1641.png,627WWI,us,us3_wa,
/Users/vladimir/Projects/ALPR/ocr_model/us3/usimages/wa304.png,602JPG,us,us3_wa,
/Users/vladimir/Projects/ALPR/ocr_model/us3/usimages/wa30.png,954ZDX,us,us3_wa,
/Users/vladimir/Projects/ALPR/ocr_model/us3/usimages/wa316.png,953TZY,us,us3_wa,
/Users/vladimir/Projects/ALPR/ocr_model/us3/usimages/wa325.png,95003,us,us3_wa,
/Users/vladimir/Projects/ALPR/ocr_model/us3/usimages/wa349.png,063JXB,us,us3_wa,
/Users/vladimir/Projects/ALPR/ocr_model/us3/usimages/wa468.png,03589,us,us3_wa,
/Users/vladimir/Projects/ALPR/ocr_model/us3/usimages/wa533.png,00013,us,us3_wa,
/Users/vladimir/Projects/ALPR/ocr_model/us3/usimages/wa742.png,GR8BUNZ,us,us3_wa,
/Users/vladimir/Projects/ALPR/ocr_model/us3/usimages/wi1032.png,XSTASY,us,us3_wi,
/Users/vladimir/Projects/ALPR/ocr_model/us3/usimages/wi1157.png,780AAA,us,us3_wi,
/Users/vladimir/Projects/ALPR/ocr_model/us3/usimages/wi1378.png,871MBT,us,us3_wi,
/Users/vladimir/Projects/ALPR/ocr_model/us3/usimages/wi1426.png,TFD715,us,us3_wi,
/Users/vladimir/Projects/ALPR/ocr_model/us3/usimages/wi144.png,315NKX,us,us3_wi,
/Users/vladimir/Projects/ALPR/ocr_model/us3/usimages/wi1536.png,FGY127,us,us3_wi,
/Users/vladimir/Projects/ALPR/ocr_model/us3/usimages/wi1588.png,956HFJ,us,us3_wi,
/Users/vladimir/Projects/ALPR/ocr_model/us3/usimages/wi1611.png,271LDZ,us,us3_wi,
/Users/vladimir/Projects/ALPR/ocr_model/us3/usimages/wi179.png,RXH400,us,us3_wi,
/Users/vladimir/Projects/ALPR/ocr_model/us3/usimages/wi219.png,SMILEM0,us,us3_wi,
/Users/vladimir/Projects/ALPR/ocr_model/us3/usimages/wi264.png,962ARF,us,us3_wi,
/Users/vladimir/Projects/ALPR/ocr_model/us3/usimages/wi291.png,616FAF,us,us3_wi,
/Users/vladimir/Projects/ALPR/ocr_model/us3/usimages/wi301.png,704BBJ,us,us3_wi,
/Users/vladimir/Projects/ALPR/ocr_model/us3/usimages/wi306.png,BIGCHEESE,us,us3_wi,
/Users/vladimir/Projects/ALPR/ocr_model/us3/usimages/wi428.png,687AHV,us,us3_wi,
/Users/vladimir/Projects/ALPR/ocr_model/us3/usimages/wi438.png,VACVAN,us,us3_wi,
/Users/vladimir/Projects/ALPR/ocr_model/us3/usimages/wi454.png,379GXY,us,us3_wi,
/Users/vladimir/Projects/ALPR/ocr_model/us3/usimages/wi580.png,PAM221,us,us3_wi,
/Users/vladimir/Projects/ALPR/ocr_model/us3/usimages/wi699.png,237TKJ,us,us3_wi,
/Users/vladimir/Projects/ALPR/ocr_model/us3/usimages/wi911.png,196GPF,us,us3_wi,
/Users/vladimir/Projects/ALPR/ocr_model/us3/usimages/wi972.png,810NUS,us,us3_wi,
/Users/vladimir/Projects/ALPR/ocr_model/us3/usimages/wv1056.png,7524,us,us3_wv,
/Users/vladimir/Projects/ALPR/ocr_model/us3/usimages/wv1113.png,OAM145,us,us3_wv,
/Users/vladimir/Projects/ALPR/ocr_model/us3/usimages/wv1256.png,4N3972,us,us3_wv,
/Users/vladimir/Projects/ALPR/ocr_model/us3/usimages/wv12.png,6NM162,us,us3_wv,
/Users/vladimir/Projects/ALPR/ocr_model/us3/usimages/wv1399.png,3Y1688,us,us3_wv,
/Users/vladimir/Projects/ALPR/ocr_model/us3/usimages/wv1646.png,4W5825,us,us3_wv,
/Users/vladimir/Projects/ALPR/ocr_model/us3/usimages/wv290.png,4W5825,us,us3_wv,
/Users/vladimir/Projects/ALPR/ocr_model/us3/usimages/wv37.png,CTHULHU,us,us3_wv,
/Users/vladimir/Projects/ALPR/ocr_model/us3/usimages/wv495.png,9AK856,us,us3_wv,
/Users/vladimir/Projects/ALPR/ocr_model/us3/usimages/wv496.png,OEC617,us,us3_wv,
/Users/vladimir/Projects/ALPR/ocr_model/us3/usimages/wv80.png,4PB188,us,us3_wv,
/Users/vladimir/Projects/ALPR/ocr_model/us3/usimages/wv861.png,548,us,us3_wv,
/Users/vladimir/Projects/ALPR/ocr_model/us3/usimages/wy1083.png,4434R,us,us3_wy,
/Users/vladimir/Projects/ALPR/ocr_model/us3/usimages/wy1093.png,299YX,us,us3_wy,
/Users/vladimir/Projects/ALPR/ocr_model/us3/usimages/wy1235.png,248,us,us3_wy,
/Users/vladimir/Projects/ALPR/ocr_model/us3/usimages/wy1514.png,1321,us,us3_wy,
/Users/vladimir/Projects/ALPR/ocr_model/us3/usimages/wy23.png,1345D,us,us3_wy,
/Users/vladimir/Projects/ALPR/ocr_model/us3/usimages/wy282.png,5501,us,us3_wy,
/Users/vladimir/Projects/ALPR/ocr_model/us3/usimages/wy322.png,692,us,us3_wy,
/Users/vladimir/Projects/ALPR/ocr_model/us3/usimages/wy368.png,5503F,us,us3_wy,
/Users/vladimir/Projects/ALPR/ocr_model/us3/usimages/wy369.png,874J,us,us3_wy,
/Users/vladimir/Projects/ALPR/ocr_model/us3/usimages/wy420.png,0,us,us3_wy,
/Users/vladimir/Projects/ALPR/ocr_model/us3/usimages/wy508.png,3555,us,us3_wy,
/Users/vladimir/Projects/ALPR/ocr_model/us3/usimages/wy658.png,4475,us,us3_wy,
/Users/vladimir/Projects/ALPR/ocr_model/us3/usimages/wy712.png,4779,us,us3_wy,
/Users/vladimir/Projects/ALPR/ocr_model/us3/usimages/wy716.png,79XA,us,us3_wy,
/Users/vladimir/Projects/ALPR/ocr_model/us3/usimages/wy963.png,4339C,us,us3_wy,
